id_transaccion,fecha,hora,sucursal,dni_cliente,edad_cliente,categoria_producto,producto,cantidad,precio_unitario,costo_unitario,propina,metodo_pago,canal,calificacion,total_consumido,mes_num,mes,margen_ganancia
T1220,2024-06-04,11:17:00,caballito,433600190,36,bebidas,agua saborizada,1,4320.0,1060.0,650.0,efectivo,delivery,4,4320.0,6,junio,3260.0
T1323,2024-10-19,09:06:00,palermo,354474470,35,cafe,cold brew,2,3900.0,780.0,2870.0,tarjeta de credito,salon,4,7800.0,10,octubre,6240.0
T1162,2024-06-17,14:21:00,caballito,418451710,17,panes,pan integral,3,2830.0,890.0,0.0,transferencia,salon,4,8490.0,6,junio,5820.0
T1442,2024-12-17,16:15:00,caballito,280021750,33,sandwiches,bagel de salmón ahumado,3,6100.0,2290.0,2220.0,efectivo,salon,2,18300.0,12,diciembre,11430.0
T1394,2024-08-20,07:06:00,palermo,380308310,24,tortas,cheesecake de frutos rojos,1,5160.0,1750.0,780.0,tarjeta de debito,salon,2,5160.0,8,agosto,3410.0
T1124,2024-07-06,19:09:00,belgrano,402153020,20,bebidas,smoothie de frutos rojos,1,4370.0,740.0,660.0,transferencia,salon,2,4370.0,7,julio,3630.0
T1067,2024-07-29,16:43:00,belgrano,257037040,16,panes,pan integral,1,4030.0,1030.0,470.0,tarjeta de debito,salon,,4030.0,7,julio,3000.0
T1537,2024-01-23,10:56:00,belgrano,291864070,26,tortas,torta red velvet,1,3680.0,1440.0,1230.0,transferencia,salon,,3680.0,1,enero,2240.0
T1354,2024-07-11,17:34:00,belgrano,391589640,50,panes,pan multicereal,3,3100.0,700.0,1290.0,transferencia,salon,5,9300.0,7,julio,7200.0
T1142,2024-10-02,13:33:00,belgrano,444228660,25,tortas,torta de chocolate,1,5360.0,2100.0,2640.0,tarjeta de debito,take away,5,5360.0,10,octubre,3260.0
T1007,2024-01-25,20:07:00,belgrano,410535950,27,alfajores,alfajor de nuez,3,2380.0,800.0,360.0,tarjeta de debito,take away,4,7140.0,1,enero,4740.0
T1095,2024-08-12,14:33:00,villa urquiza,404616740,34,sandwiches,club sandwich,1,4670.0,1700.0,0.0,tarjeta de debito,salon,,4670.0,8,agosto,2970.0
T1132,2024-11-30,21:56:00,caballito,360205130,38,tortas,torta de chocolate,1,5000.0,1940.0,250.0,tarjeta de debito,take away,4,5000.0,11,noviembre,3060.0
T1493,2024-06-07,16:28:00,recoleta,326602760,25,panes,pan de nuez y pasas,2,3470.0,970.0,0.0,mercado pago,take away,5,6940.0,6,junio,5000.0
T1103,2024-09-27,13:07:00,recoleta,279738820,29,cafe,cappuccino,2,2890.0,490.0,480.0,tarjeta de credito,salon,4,5780.0,9,septiembre,4800.0
T1309,2024-08-12,18:00:00,belgrano,230265080,25,alfajores,alfajor triple,2,2310.0,650.0,230.0,tarjeta de debito,salon,4,4620.0,8,agosto,3320.0
T1022,2024-02-24,18:35:00,belgrano,291384890,19,bebidas,smoothie de frutos rojos,1,3860.0,1030.0,390.0,tarjeta de credito,take away,5,3860.0,2,febrero,2830.0
T1058,2024-06-27,13:21:00,recoleta,424859490,28,sandwiches,bagel de salmón ahumado,1,7180.0,2720.0,2390.0,efectivo,take away,4,7180.0,6,junio,4460.0
T1389,2024-11-08,09:53:00,villa urquiza,221460610,29,bebidas,agua saborizada,3,3550.0,800.0,1960.0,efectivo,salon,5,10650.0,11,noviembre,8250.0
T1173,2024-12-16,14:26:00,caballito,363980340,34,alfajores,alfajor de nuez,1,2400.0,630.0,0.0,tarjeta de debito,salon,2,2400.0,12,diciembre,1770.0
T1299,2024-05-13,12:23:00,villa urquiza,387063100,25,bebidas,jugo verde detox,1,3340.0,780.0,170.0,tarjeta de credito,salon,4,3340.0,5,mayo,2560.0
T1580,2024-09-24,21:22:00,villa urquiza,38059313,29,panes,pan de nuez y pasas,1,3300.0,770.0,880.0,transferencia,salon,3,3300.0,9,septiembre,2530.0
T1370,2024-05-01,18:32:00,recoleta,337854290,27,alfajores,alfajor triple,1,1920.0,610.0,0.0,transferencia,take away,2,1920.0,5,mayo,1310.0
T1070,2024-01-26,21:38:00,caballito,296030820,56,panes,pan de campo,1,4010.0,950.0,580.0,tarjeta de debito,take away,4,4010.0,1,enero,3060.0
T1300,2024-03-30,19:18:00,recoleta,309082190,27,alfajores,alfajor triple,3,2310.0,780.0,730.0,transferencia,salon,5,6930.0,3,marzo,4590.0
T1111,2024-10-17,07:38:00,belgrano,427855410,21,cafe,cold brew,1,3590.0,660.0,1170.0,mercado pago,delivery,4,3590.0,10,octubre,2930.0
T1230,2024-06-20,17:05:00,belgrano,319213320,36,alfajores,alfajor de maicena,1,2750.0,950.0,1220.0,tarjeta de debito,take away,4,2750.0,6,junio,1800.0
T1356,2024-09-21,17:08:00,belgrano,443125560,46,tortas,torta red velvet,1,4570.0,1660.0,2040.0,efectivo,salon,5,4570.0,9,septiembre,2910.0
T1154,2024-12-22,10:19:00,palermo,419357300,42,tortas,torta de chocolate,1,5120.0,2060.0,650.0,efectivo,salon,4,5120.0,12,diciembre,3060.0
T1001,2024-11-23,08:01:00,recoleta,282172070,36,panes,pan de nuez y pasas,1,3400.0,970.0,1060.0,tarjeta de debito,salon,3,3400.0,11,noviembre,2430.0
T1009,2024-05-14,15:48:00,belgrano,370349700,34,cafe,flat white,1,3700.0,490.0,980.0,efectivo,take away,4,3700.0,5,mayo,3210.0
T1227,2024-02-25,14:04:00,recoleta,292772380,35,bebidas,smoothie de frutos rojos,1,3320.0,600.0,390.0,tarjeta de credito,take away,4,3320.0,2,febrero,2720.0
T1435,2024-12-04,10:15:00,belgrano,417460510,25,sandwiches,sandwich de pollo y palta,1,5610.0,2030.0,280.0,sin dato,take away,,5610.0,12,diciembre,3580.0
T1257,2024-05-22,15:16:00,belgrano,253998760,48,panes,pan de campo,1,2510.0,520.0,380.0,transferencia,take away,1,2510.0,5,mayo,1990.0
T1226,2024-11-25,11:27:00,caballito,317007390,26,sandwiches,club sandwich,1,6640.0,2380.0,0.0,mercado pago,salon,5,6640.0,11,noviembre,4260.0
T1015,2024-11-26,08:03:00,caballito,444347930,26,cafe,cappuccino,1,3010.0,500.0,300.0,tarjeta de credito,take away,3,3010.0,11,noviembre,2510.0
T1533,2024-09-22,07:10:00,recoleta,337862150,27,alfajores,alfajor de maicena,2,2230.0,600.0,530.0,mercado pago,salon,3,4460.0,9,septiembre,3260.0
T1174,2024-10-05,20:23:00,villa urquiza,213962170,25,bebidas,té helado de durazno,3,3510.0,730.0,530.0,mercado pago,salon,,10530.0,10,octubre,8340.0
T1152,2024-09-04,17:31:00,palermo,202218730,41,bebidas,agua saborizada,2,4370.0,720.0,2470.0,transferencia,take away,1,8740.0,9,septiembre,7300.0
T1122,2024-05-03,10:37:00,recoleta,216326960,33,panes,pan multicereal,2,3660.0,890.0,2160.0,efectivo,salon,5,7320.0,5,mayo,5540.0
T1602,2024-10-08,18:16:00,villa urquiza,316547800,16,tortas,cheesecake de frutos rojos,1,4880.0,1540.0,4380.0,tarjeta de credito,salon,5,4880.0,10,octubre,3340.0
T1141,2024-04-02,19:08:00,caballito,325648230,32,tortas,torta de limón y merengue,2,3810.0,1200.0,760.0,mercado pago,salon,,7620.0,4,abril,5220.0
T1285,2024-12-27,13:47:00,belgrano,421218610,24,panes,pan de campo,1,2630.0,630.0,0.0,efectivo,take away,4,2630.0,12,diciembre,2000.0
T1584,2024-09-07,08:33:00,recoleta,435033870,41,bebidas,jugo verde detox,2,3940.0,800.0,3270.0,transferencia,take away,5,7880.0,9,septiembre,6280.0
T1554,2024-02-06,13:56:00,palermo,241767720,46,bebidas,limonada de jengibre,3,4110.0,1010.0,1850.0,mercado pago,delivery,4,12330.0,2,febrero,9300.0
T1064,2024-10-29,12:55:00,palermo,347742240,36,cafe,mocha,1,3400.0,520.0,1070.0,efectivo,salon,5,3400.0,10,octubre,2880.0
T1256,2024-04-13,16:55:00,caballito,275681510,39,bebidas,té helado de durazno,1,3500.0,840.0,1080.0,tarjeta de credito,take away,5,3500.0,4,abril,2660.0
T1360,2024-01-28,08:27:00,caballito,260056720,39,alfajores,alfajor triple,2,2140.0,690.0,2730.0,transferencia,take away,5,4280.0,1,enero,2900.0
T1060,2024-11-18,16:51:00,belgrano,438163590,34,panes,pan de campo,1,3120.0,940.0,310.0,tarjeta de debito,salon,1,3120.0,11,noviembre,2180.0
T1610,2024-08-06,10:29:00,caballito,233632880,16,tortas,carrot cake,1,4380.0,1320.0,220.0,transferencia,salon,5,4380.0,8,agosto,3060.0
T1432,2024-07-11,14:29:00,palermo,211025910,19,bebidas,té helado de durazno,1,3840.0,930.0,0.0,tarjeta de debito,take away,,3840.0,7,julio,2910.0
T1436,2024-08-23,17:55:00,caballito,390605750,17,cafe,flat white,1,4010.0,750.0,830.0,transferencia,delivery,4,4010.0,8,agosto,3260.0
T1386,2024-07-15,17:12:00,recoleta,433499340,30,tortas,carrot cake,1,5190.0,1680.0,260.0,mercado pago,take away,5,5190.0,7,julio,3510.0
T1073,2024-02-25,17:14:00,caballito,208396870,43,panes,pan de campo,1,3470.0,990.0,520.0,transferencia,take away,5,3470.0,2,febrero,2480.0
T1577,2024-11-26,18:27:00,recoleta,391737770,29,cafe,cold brew,2,3410.0,540.0,0.0,tarjeta de debito,salon,3,6820.0,11,noviembre,5740.0
T1293,2024-06-30,10:57:00,villa urquiza,290286850,21,tortas,torta de chocolate,1,5620.0,2130.0,770.0,tarjeta de debito,delivery,5,5620.0,6,junio,3490.0
T1083,2024-10-22,15:13:00,belgrano,420364130,24,cafe,affogato,1,4030.0,740.0,2210.0,mercado pago,salon,3,4030.0,10,octubre,3290.0
T1353,2024-06-20,14:50:00,caballito,449170060,36,sandwiches,sandwich de pollo y palta,1,7700.0,2500.0,700.0,efectivo,take away,4,7700.0,6,junio,5200.0
T1587,2024-04-27,11:40:00,palermo,302562980,40,bebidas,smoothie de frutos rojos,1,3940.0,1040.0,480.0,mercado pago,take away,5,3940.0,4,abril,2900.0
T1290,2024-10-13,21:37:00,recoleta,316593290,40,alfajores,alfajor de maicena,1,2090.0,540.0,210.0,tarjeta de credito,salon,,2090.0,10,octubre,1550.0
T1404,2024-12-29,15:43:00,villa urquiza,298067640,43,tortas,cheesecake de frutos rojos,1,5550.0,1720.0,950.0,mercado pago,take away,5,5550.0,12,diciembre,3830.0
T1454,2024-08-10,19:58:00,caballito,426026020,38,sandwiches,sandwich vegetariano,1,6960.0,2620.0,1040.0,mercado pago,salon,5,6960.0,8,agosto,4340.0
T1320,2024-05-07,16:40:00,belgrano,387375820,46,sandwiches,bagel de salmón ahumado,1,6820.0,2270.0,980.0,transferencia,salon,3,6820.0,5,mayo,4550.0
T1414,2024-02-15,07:26:00,recoleta,339087820,48,tortas,torta red velvet,1,5420.0,1990.0,1600.0,tarjeta de debito,take away,5,5420.0,2,febrero,3430.0
T1472,2024-09-05,14:01:00,caballito,396369350,40,tortas,torta red velvet,1,3520.0,1360.0,0.0,tarjeta de debito,salon,5,3520.0,9,septiembre,2160.0
T1504,2024-01-02,16:30:00,palermo,203214040,35,tortas,carrot cake,1,5050.0,2010.0,770.0,tarjeta de debito,salon,,5050.0,1,enero,3040.0
T1461,2024-04-18,16:00:00,villa urquiza,391524600,31,bebidas,limonada de jengibre,1,3670.0,1000.0,1230.0,tarjeta de debito,salon,3,3670.0,4,abril,2670.0
T1018,2024-01-30,16:47:00,villa urquiza,sin dato,29,cafe,cold brew,1,2890.0,590.0,1020.0,tarjeta de credito,salon,5,2890.0,1,enero,2300.0
T1449,2024-08-29,18:26:00,recoleta,440714800,38,cafe,mocha,1,3290.0,650.0,720.0,mercado pago,take away,5,3290.0,8,agosto,2640.0
T1563,2024-07-24,18:53:00,belgrano,208616920,33,sandwiches,sandwich de pollo y palta,2,6590.0,2940.0,1000.0,transferencia,salon,5,13180.0,7,julio,7300.0
T1343,2024-11-09,09:24:00,villa urquiza,327710520,27,tortas,carrot cake,2,4210.0,1750.0,580.0,efectivo,take away,,8420.0,11,noviembre,4920.0
T1549,2024-12-17,18:46:00,belgrano,404032150,16,tortas,carrot cake,1,3660.0,1380.0,1220.0,mercado pago,salon,4,3660.0,12,diciembre,2280.0
T1159,2024-08-15,12:48:00,recoleta,234303170,16,cafe,cappuccino,1,2950.0,520.0,550.0,tarjeta de debito,salon,4,2950.0,8,agosto,2430.0
T1264,2024-02-07,12:59:00,villa urquiza,235613170,22,alfajores,alfajor de nuez,1,2230.0,660.0,110.0,tarjeta de credito,take away,4,2230.0,2,febrero,1570.0
T1292,2024-10-27,20:01:00,caballito,239013160,23,bebidas,té helado de durazno,1,4360.0,850.0,2080.0,tarjeta de credito,salon,5,4360.0,10,octubre,3510.0
T1096,2024-06-17,08:35:00,caballito,295343900,24,sandwiches,bagel de salmón ahumado,2,4930.0,1630.0,800.0,tarjeta de credito,take away,5,9860.0,6,junio,6600.0
T1417,2024-12-20,09:22:00,belgrano,217746370,33,panes,pan de masa madre,1,3730.0,820.0,1510.0,tarjeta de credito,salon,5,3730.0,12,diciembre,2910.0
T1583,2024-03-04,15:07:00,villa urquiza,336493140,45,alfajores,alfajor de chocolate,1,2220.0,760.0,0.0,efectivo,salon,3,2220.0,3,marzo,1460.0
T1234,2024-07-15,07:02:00,villa urquiza,266912310,27,panes,pan multicereal,1,2820.0,730.0,280.0,tarjeta de credito,delivery,,2820.0,7,julio,2090.0
T1594,2024-09-02,17:17:00,palermo,341296140,27,sandwiches,bagel de salmón ahumado,3,6160.0,2650.0,1020.0,mercado pago,take away,5,18480.0,9,septiembre,10530.0
T1197,2024-02-01,13:42:00,belgrano,279447410,41,panes,pan de masa madre,1,3760.0,820.0,730.0,tarjeta de credito,salon,4,3760.0,2,febrero,2940.0
T1295,2024-06-26,13:55:00,belgrano,353409530,41,sandwiches,tostado jamón y queso,1,6310.0,2410.0,1070.0,efectivo,take away,5,6310.0,6,junio,3900.0
T1522,2024-11-11,16:12:00,villa urquiza,298711340,33,panes,pan de nuez y pasas,2,4140.0,930.0,2040.0,tarjeta de debito,salon,3,8280.0,11,noviembre,6420.0
T1073,2024-02-25,17:14:00,caballito,208396870,43,bebidas,agua saborizada,1,3200.0,500.0,520.0,transferencia,take away,5,3200.0,2,febrero,2700.0
T1090,2024-06-22,10:21:00,belgrano,225628660,39,sandwiches,sandwich vegetariano,2,6900.0,2940.0,690.0,transferencia,take away,5,13800.0,6,junio,7920.0
T1457,2024-11-02,18:47:00,palermo,201798840,36,bebidas,smoothie de frutos rojos,2,3220.0,500.0,640.0,tarjeta de credito,salon,4,6440.0,11,noviembre,5440.0
T1563,2024-07-24,18:53:00,belgrano,208616920,33,cafe,cappuccino,1,3790.0,700.0,1000.0,transferencia,salon,5,3790.0,7,julio,3090.0
T1164,2024-08-04,19:24:00,palermo,350681780,17,bebidas,agua saborizada,2,3920.0,770.0,1740.0,transferencia,salon,4,7840.0,8,agosto,6300.0
T1184,2024-12-19,07:54:00,recoleta,268936140,29,bebidas,limonada de jengibre,2,4330.0,780.0,870.0,transferencia,take away,4,8660.0,12,diciembre,7100.0
T1611,2024-11-25,21:02:00,belgrano,283330060,46,tortas,torta de chocolate,2,4750.0,1910.0,2570.0,efectivo,salon,,9500.0,11,noviembre,5680.0
T1231,2024-02-06,14:56:00,belgrano,367932340,18,tortas,cheesecake de frutos rojos,1,3820.0,1330.0,760.0,efectivo,take away,4,3820.0,2,febrero,2490.0
T1602,2024-10-08,18:16:00,villa urquiza,316547800,16,tortas,torta de limón y merengue,3,3640.0,1180.0,4380.0,tarjeta de credito,salon,5,10920.0,10,octubre,7380.0
T1292,2024-10-27,20:01:00,caballito,239013160,23,alfajores,alfajor triple,3,1880.0,560.0,2080.0,tarjeta de credito,salon,5,5640.0,10,octubre,3960.0
T1291,2024-02-07,15:18:00,recoleta,239261700,32,cafe,latte de avena,3,3840.0,680.0,1560.0,transferencia,delivery,,11520.0,2,febrero,9480.0
T1372,2024-06-24,15:49:00,palermo,357326260,16,tortas,torta de limón y merengue,2,5220.0,1920.0,3230.0,mercado pago,salon,5,10440.0,6,junio,6600.0
T1181,2024-01-05,07:44:00,recoleta,240464550,31,tortas,torta de chocolate,1,3740.0,1260.0,370.0,mercado pago,take away,5,3740.0,1,enero,2480.0
T1467,2024-02-09,21:02:00,villa urquiza,236115360,44,cafe,affogato,1,3180.0,410.0,0.0,transferencia,salon,3,3180.0,2,febrero,2770.0
T1503,2024-05-13,19:45:00,caballito,291608000,34,cafe,latte de avena,1,2820.0,520.0,420.0,tarjeta de debito,take away,4,2820.0,5,mayo,2300.0
T1524,2024-04-16,10:57:00,belgrano,351692890,28,tortas,carrot cake,1,4680.0,1660.0,1170.0,tarjeta de debito,salon,4,4680.0,4,abril,3020.0
T1374,2024-01-08,18:07:00,villa urquiza,258590680,19,panes,pan multicereal,1,3770.0,840.0,380.0,transferencia,take away,5,3770.0,1,enero,2930.0
T1583,2024-03-04,15:07:00,villa urquiza,336493140,45,panes,pan de nuez y pasas,1,3660.0,1090.0,0.0,efectivo,salon,3,3660.0,3,marzo,2570.0
T1209,2024-10-20,13:54:00,villa urquiza,210865840,40,tortas,cheesecake de frutos rojos,1,4300.0,1620.0,0.0,tarjeta de debito,take away,,4300.0,10,octubre,2680.0
T1478,2024-08-22,20:48:00,palermo,235531410,46,cafe,flat white,1,3560.0,470.0,530.0,transferencia,take away,,3560.0,8,agosto,3090.0
T1477,2024-04-26,08:35:00,belgrano,363197110,27,cafe,mocha,1,2960.0,640.0,1120.0,tarjeta de credito,delivery,5,2960.0,4,abril,2320.0
T1453,2024-05-14,18:54:00,belgrano,216704390,35,sandwiches,tostado jamón y queso,1,7630.0,3150.0,1140.0,mercado pago,take away,5,7630.0,5,mayo,4480.0
T1415,2024-08-25,10:01:00,palermo,251681860,26,tortas,torta red velvet,1,4460.0,1710.0,1040.0,tarjeta de credito,salon,5,4460.0,8,agosto,2750.0
T1135,2024-05-31,16:43:00,belgrano,sin dato,55,panes,pan integral,1,2850.0,660.0,290.0,transferencia,take away,,2850.0,5,mayo,2190.0
T1532,2024-12-18,16:31:00,palermo,262643470,33,panes,pan multicereal,1,3520.0,730.0,700.0,tarjeta de debito,salon,,3520.0,12,diciembre,2790.0
T1333,2024-09-13,11:51:00,palermo,409981070,16,alfajores,alfajor de chocolate,1,1900.0,660.0,760.0,tarjeta de credito,take away,,1900.0,9,septiembre,1240.0
T1115,2024-09-02,15:26:00,caballito,392904600,36,alfajores,alfajor triple,2,1940.0,590.0,780.0,efectivo,salon,4,3880.0,9,septiembre,2700.0
T1276,2024-04-18,09:11:00,belgrano,321541850,29,sandwiches,sandwich de pollo y palta,1,6090.0,2120.0,910.0,transferencia,take away,3,6090.0,4,abril,3970.0
T1574,2024-04-10,18:41:00,palermo,321542800,20,sandwiches,bagel de salmón ahumado,1,5090.0,2280.0,2950.0,transferencia,salon,5,5090.0,4,abril,2810.0
T1543,2024-02-19,19:53:00,belgrano,442937940,21,sandwiches,club sandwich,1,6570.0,2900.0,0.0,tarjeta de debito,salon,5,6570.0,2,febrero,3670.0
T1062,2024-03-10,20:04:00,recoleta,339231570,27,panes,pan integral,1,3280.0,870.0,530.0,tarjeta de credito,delivery,5,3280.0,3,marzo,2410.0
T1402,2024-12-11,12:56:00,palermo,237234190,28,panes,pan de nuez y pasas,1,3610.0,1060.0,540.0,mercado pago,salon,5,3610.0,12,diciembre,2550.0
T1149,2024-06-09,13:02:00,villa urquiza,274247260,27,cafe,affogato,1,3170.0,680.0,670.0,tarjeta de debito,salon,5,3170.0,6,junio,2490.0
T1558,2024-05-27,18:27:00,belgrano,259190450,45,cafe,flat white,2,3480.0,480.0,0.0,tarjeta de credito,salon,3,6960.0,5,mayo,6000.0
T1434,2024-10-29,07:08:00,recoleta,317063620,24,tortas,carrot cake,1,4290.0,1470.0,430.0,transferencia,salon,,4290.0,10,octubre,2820.0
T1417,2024-12-20,09:22:00,belgrano,217746370,33,tortas,torta red velvet,1,4170.0,1290.0,1510.0,tarjeta de credito,salon,5,4170.0,12,diciembre,2880.0
T1072,2024-09-03,19:18:00,recoleta,238644540,35,bebidas,agua saborizada,2,4640.0,920.0,1940.0,mercado pago,delivery,3,9280.0,9,septiembre,7440.0
T1212,2024-02-17,12:38:00,villa urquiza,361979580,29,alfajores,alfajor triple,1,2530.0,660.0,0.0,efectivo,salon,5,2530.0,2,febrero,1870.0
T1255,2024-04-24,18:41:00,villa urquiza,330488710,29,bebidas,smoothie de frutos rojos,1,4640.0,1140.0,920.0,tarjeta de debito,salon,5,4640.0,4,abril,3500.0
T1422,2024-03-01,21:16:00,palermo,222228920,30,tortas,torta de chocolate,2,3830.0,1280.0,1130.0,tarjeta de credito,take away,5,7660.0,3,marzo,5100.0
T1103,2024-09-27,13:07:00,recoleta,279738820,29,cafe,flat white,1,3750.0,720.0,480.0,tarjeta de credito,salon,4,3750.0,9,septiembre,3030.0
T1238,2024-12-04,08:42:00,villa urquiza,290589290,44,tortas,carrot cake,1,3960.0,1310.0,460.0,transferencia,take away,3,3960.0,12,diciembre,2650.0
T1254,2024-05-26,17:16:00,belgrano,220814760,16,alfajores,alfajor de maicena,1,2480.0,760.0,250.0,tarjeta de credito,salon,5,2480.0,5,mayo,1720.0
T1222,2024-02-03,11:45:00,villa urquiza,335353590,24,tortas,carrot cake,1,3620.0,1170.0,1510.0,tarjeta de debito,take away,5,3620.0,2,febrero,2450.0
T1317,2024-11-13,10:20:00,palermo,420885270,42,tortas,torta de chocolate,1,4700.0,1880.0,420.0,transferencia,take away,4,4700.0,11,noviembre,2820.0
T1501,2024-11-13,11:41:00,belgrano,200182170,25,bebidas,agua saborizada,2,4700.0,830.0,2270.0,efectivo,delivery,5,9400.0,11,noviembre,7740.0
T1078,2024-09-19,16:06:00,caballito,369060210,26,bebidas,jugo verde detox,1,3510.0,540.0,580.0,tarjeta de debito,delivery,2,3510.0,9,septiembre,2970.0
T1167,2024-06-24,14:50:00,belgrano,374857120,32,tortas,torta red velvet,1,4990.0,1600.0,1370.0,mercado pago,salon,3,4990.0,6,junio,3390.0
T1476,2024-03-07,09:12:00,belgrano,403255630,46,sandwiches,tostado jamón y queso,1,5190.0,1670.0,1590.0,mercado pago,salon,4,5190.0,3,marzo,3520.0
T1588,2024-08-05,17:32:00,belgrano,360945820,38,bebidas,limonada de jengibre,1,3690.0,990.0,2350.0,mercado pago,salon,,3690.0,8,agosto,2700.0
T1193,2024-12-10,21:03:00,belgrano,274888470,43,alfajores,alfajor triple,1,2650.0,690.0,400.0,transferencia,delivery,,2650.0,12,diciembre,1960.0
T1461,2024-04-18,16:00:00,villa urquiza,39152460,31,bebidas,limonada de jengibre,1,4510.0,1080.0,1230.0,tarjeta de debito,salon,3,4510.0,4,abril,3430.0
T1391,2024-10-24,07:08:00,palermo,412129310,44,bebidas,té helado de durazno,1,3350.0,730.0,1040.0,transferencia,salon,4,3350.0,10,octubre,2620.0
T1277,2024-03-23,17:53:00,caballito,207531640,26,bebidas,jugo verde detox,1,3070.0,480.0,310.0,tarjeta de debito,salon,5,3070.0,3,marzo,2590.0
T1429,2024-05-19,19:50:00,caballito,319486420,34,alfajores,alfajor de nuez,3,2050.0,520.0,1360.0,mercado pago,take away,,6150.0,5,mayo,4590.0
T1201,2024-11-26,08:37:00,villa urquiza,286845790,34,tortas,torta de chocolate,1,5670.0,2330.0,0.0,efectivo,salon,3,5670.0,11,noviembre,3340.0
T1429,2024-05-19,19:50:00,caballito,319486420,34,cafe,latte de avena,1,3020.0,400.0,1360.0,mercado pago,take away,,3020.0,5,mayo,2620.0
T1044,2024-08-23,18:09:00,caballito,259101750,25,sandwiches,sandwich vegetariano,2,7310.0,2420.0,1820.0,transferencia,delivery,4,14620.0,8,agosto,9780.0
T1515,2024-11-29,19:22:00,recoleta,395845780,37,sandwiches,sandwich vegetariano,1,5720.0,2270.0,860.0,transferencia,take away,3,5720.0,11,noviembre,3450.0
T1219,2024-10-19,16:30:00,palermo,257780640,32,tortas,carrot cake,2,5620.0,1700.0,1570.0,tarjeta de credito,salon,5,11240.0,10,octubre,7840.0
T1247,2024-01-01,20:05:00,villa urquiza,407724130,47,alfajores,alfajor triple,1,2420.0,720.0,460.0,tarjeta de credito,take away,5,2420.0,1,enero,1700.0
T1242,2024-05-17,21:46:00,palermo,325031240,38,panes,pan de campo,2,2470.0,780.0,0.0,tarjeta de credito,salon,4,4940.0,5,mayo,3380.0
T1248,2024-12-02,12:45:00,caballito,238259890,33,bebidas,smoothie de frutos rojos,1,3930.0,640.0,590.0,efectivo,take away,4,3930.0,12,diciembre,3290.0
T1433,2024-09-06,19:07:00,villa urquiza,426500660,37,alfajores,alfajor de chocolate,1,2360.0,710.0,0.0,mercado pago,take away,5,2360.0,9,septiembre,1650.0
T1213,2024-07-20,16:35:00,caballito,251536230,35,bebidas,jugo verde detox,1,3820.0,680.0,570.0,efectivo,salon,4,3820.0,7,julio,3140.0
T1051,2024-01-27,11:55:00,caballito,238281290,23,panes,pan de campo,1,3320.0,900.0,1430.0,efectivo,salon,3,3320.0,1,enero,2420.0
T1118,2024-10-30,16:09:00,belgrano,421034070,16,cafe,flat white,1,4040.0,500.0,370.0,transferencia,take away,5,4040.0,10,octubre,3540.0
T1588,2024-08-05,17:32:00,belgrano,360945820,38,bebidas,limonada de jengibre,2,4210.0,1040.0,2350.0,mercado pago,salon,,8420.0,8,agosto,6340.0
T1182,2024-07-14,19:52:00,belgrano,415277230,33,alfajores,alfajor de nuez,1,2750.0,720.0,850.0,tarjeta de debito,salon,5,2750.0,7,julio,2030.0
T1525,2024-08-09,13:23:00,caballito,306374400,33,bebidas,limonada de jengibre,1,3610.0,940.0,360.0,tarjeta de credito,salon,4,3610.0,8,agosto,2670.0
T1552,2024-09-03,07:48:00,caballito,sin dato,35,alfajores,alfajor triple,1,2210.0,570.0,0.0,efectivo,take away,,2210.0,9,septiembre,1640.0
T1392,2024-07-29,10:11:00,villa urquiza,432087130,16,tortas,torta de limón y merengue,1,5750.0,2320.0,500.0,efectivo,take away,5,5750.0,7,julio,3430.0
T1180,2024-06-03,09:55:00,recoleta,231319700,26,panes,pan integral,2,3510.0,700.0,1790.0,tarjeta de credito,salon,4,7020.0,6,junio,5620.0
T1528,2024-01-07,14:41:00,villa urquiza,250090430,53,panes,pan de nuez y pasas,1,3370.0,860.0,0.0,mercado pago,salon,5,3370.0,1,enero,2510.0
T1520,2024-04-11,10:18:00,belgrano,273465760,38,panes,pan de masa madre,2,2240.0,690.0,1980.0,tarjeta de credito,take away,4,4480.0,4,abril,3100.0
T1036,2024-07-31,13:21:00,villa urquiza,356338250,41,cafe,mocha,2,2830.0,500.0,0.0,mercado pago,salon,5,5660.0,7,julio,4660.0
T1410,2024-09-16,12:41:00,recoleta,359018030,42,bebidas,té helado de durazno,2,4360.0,1180.0,2580.0,tarjeta de credito,delivery,5,8720.0,9,septiembre,6360.0
T1445,2024-06-09,12:53:00,villa urquiza,sin dato,31,alfajores,alfajor triple,1,2750.0,830.0,1300.0,mercado pago,take away,5,2750.0,6,junio,1920.0
T1214,2024-11-22,11:05:00,caballito,238758360,23,sandwiches,tostado jamón y queso,1,7260.0,2470.0,1590.0,tarjeta de credito,take away,5,7260.0,11,noviembre,4790.0
T1085,2024-06-08,18:20:00,villa urquiza,sin dato,40,alfajores,alfajor de nuez,2,2100.0,550.0,1250.0,efectivo,take away,4,4200.0,6,junio,3100.0
T1041,2024-07-07,09:38:00,villa urquiza,441040680,40,cafe,flat white,1,4190.0,880.0,630.0,efectivo,take away,4,4190.0,7,julio,3310.0
T1289,2024-05-21,19:25:00,recoleta,424701290,48,bebidas,limonada de jengibre,1,4560.0,1110.0,680.0,mercado pago,salon,4,4560.0,5,mayo,3450.0
T1189,2024-12-07,18:42:00,belgrano,240078420,35,sandwiches,club sandwich,2,6210.0,2200.0,2480.0,sin dato,take away,5,12420.0,12,diciembre,8020.0
T1104,2024-05-29,13:00:00,villa urquiza,sin dato,24,cafe,latte de avena,1,2900.0,500.0,430.0,tarjeta de debito,take away,4,2900.0,5,mayo,2400.0
T1076,2024-01-11,07:50:00,recoleta,281728150,17,cafe,cold brew,2,3680.0,530.0,1180.0,tarjeta de debito,take away,4,7360.0,1,enero,6300.0
T1240,2024-02-26,20:36:00,caballito,25004458,32,sandwiches,tostado jamón y queso,3,6010.0,2130.0,5750.0,efectivo,take away,3,18030.0,2,febrero,11640.0
T1602,2024-10-08,18:16:00,villa urquiza,316547800,16,tortas,carrot cake,3,4460.0,1610.0,4380.0,tarjeta de credito,salon,5,13380.0,10,octubre,8550.0
T1499,2024-05-02,19:38:00,villa urquiza,279353250,47,cafe,espresso tonic,1,3810.0,670.0,0.0,sin dato,salon,5,3810.0,5,mayo,3140.0
T1384,2024-10-21,07:32:00,caballito,360436960,32,alfajores,alfajor de maicena,3,2420.0,690.0,1690.0,mercado pago,salon,5,7260.0,10,octubre,5190.0
T1450,2024-11-24,17:11:00,caballito,415117060,16,cafe,flat white,1,2970.0,570.0,0.0,tarjeta de debito,salon,4,2970.0,11,noviembre,2400.0
T1508,2024-05-20,10:54:00,palermo,432527450,49,cafe,cappuccino,1,3540.0,440.0,1290.0,transferencia,take away,5,3540.0,5,mayo,3100.0
T1546,2024-08-17,13:32:00,belgrano,368919730,40,tortas,torta red velvet,1,4040.0,1330.0,200.0,transferencia,take away,1,4040.0,8,agosto,2710.0
T1613,2024-04-26,13:24:00,belgrano,31855113,36,bebidas,limonada de jengibre,3,3840.0,690.0,580.0,tarjeta de credito,salon,,11520.0,4,abril,9450.0
T1419,2024-03-24,08:13:00,belgrano,368907270,35,tortas,carrot cake,1,4560.0,1820.0,1340.0,tarjeta de debito,take away,5,4560.0,3,marzo,2740.0
T1477,2024-04-26,08:35:00,belgrano,363197110,27,cafe,latte de avena,2,4140.0,860.0,1120.0,tarjeta de credito,delivery,5,8280.0,4,abril,6560.0
T1069,2024-09-04,08:15:00,caballito,391905410,32,bebidas,agua saborizada,1,3470.0,830.0,0.0,tarjeta de credito,take away,,3470.0,9,septiembre,2640.0
T1476,2024-03-07,09:12:00,belgrano,40325563,46,cafe,flat white,1,4010.0,530.0,1590.0,mercado pago,salon,4,4010.0,3,marzo,3480.0
T1101,2024-04-23,20:28:00,recoleta,208949030,41,tortas,torta red velvet,1,4020.0,1250.0,600.0,mercado pago,salon,5,4020.0,4,abril,2770.0
T1455,2024-04-15,16:13:00,recoleta,sin dato,40,sandwiches,sandwich vegetariano,1,5280.0,1860.0,260.0,tarjeta de debito,salon,4,5280.0,4,abril,3420.0
T1409,2024-01-18,17:20:00,recoleta,249641840,26,alfajores,alfajor triple,3,1970.0,600.0,520.0,tarjeta de credito,salon,,5910.0,1,enero,4110.0
T1315,2024-04-08,07:44:00,caballito,320181060,25,cafe,latte de avena,1,3290.0,680.0,340.0,tarjeta de debito,salon,2,3290.0,4,abril,2610.0
T1407,2024-06-04,16:08:00,recoleta,257625410,35,tortas,cheesecake de frutos rojos,1,4310.0,1380.0,430.0,tarjeta de credito,salon,4,4310.0,6,junio,2930.0
T1550,2024-04-14,10:32:00,palermo,343022340,25,panes,pan de nuez y pasas,1,2700.0,690.0,270.0,mercado pago,salon,5,2700.0,4,abril,2010.0
T1098,2024-03-11,09:04:00,recoleta,233937200,36,panes,pan de masa madre,1,2560.0,700.0,520.0,transferencia,take away,5,2560.0,3,marzo,1860.0
T1393,2024-10-03,15:14:00,caballito,410206510,17,bebidas,agua saborizada,1,3850.0,1040.0,800.0,tarjeta de debito,salon,4,3850.0,10,octubre,2810.0
T1401,2024-12-26,17:00:00,palermo,329144050,29,bebidas,jugo verde detox,2,3920.0,990.0,2840.0,tarjeta de credito,salon,4,7840.0,12,diciembre,5860.0
T1501,2024-11-13,11:41:00,belgrano,200182170,25,cafe,latte de avena,2,2870.0,510.0,2270.0,efectivo,delivery,5,5740.0,11,noviembre,4720.0
T1182,2024-07-14,19:52:00,belgrano,sin dato,33,panes,pan integral,1,2900.0,840.0,850.0,tarjeta de debito,salon,5,2900.0,7,julio,2060.0
T1203,2024-11-25,21:51:00,villa urquiza,283600110,27,cafe,latte de avena,1,3380.0,510.0,0.0,transferencia,take away,,3380.0,11,noviembre,2870.0
T1136,2024-04-30,14:48:00,recoleta,310603890,16,sandwiches,tostado jamón y queso,1,4710.0,1700.0,470.0,tarjeta de credito,take away,5,4710.0,4,abril,3010.0
T1397,2024-08-22,13:10:00,recoleta,273770610,39,alfajores,alfajor de nuez,1,2750.0,820.0,0.0,tarjeta de credito,take away,5,2750.0,8,agosto,1930.0
T1437,2024-06-21,14:32:00,recoleta,255910810,22,bebidas,limonada de jengibre,1,4430.0,830.0,440.0,transferencia,salon,,4430.0,6,junio,3600.0
T1138,2024-11-06,12:26:00,villa urquiza,357983680,42,bebidas,smoothie de frutos rojos,1,3130.0,490.0,760.0,transferencia,take away,5,3130.0,11,noviembre,2640.0
T1227,2024-02-25,14:04:00,recoleta,292772380,35,tortas,torta de limón y merengue,1,4430.0,1400.0,390.0,tarjeta de credito,take away,4,4430.0,2,febrero,3030.0
T1551,2024-11-21,10:17:00,caballito,226848900,29,cafe,espresso tonic,2,3900.0,790.0,390.0,tarjeta de credito,salon,4,7800.0,11,noviembre,6220.0
T1617,2024-09-03,18:26:00,villa urquiza,413608910,39,cafe,espresso tonic,2,3960.0,560.0,1350.0,tarjeta de credito,salon,,7920.0,9,septiembre,6800.0
T1548,2024-07-31,17:52:00,recoleta,207950160,31,cafe,flat white,1,4160.0,600.0,420.0,tarjeta de debito,take away,4,4160.0,7,julio,3560.0
T1026,2024-07-29,19:42:00,belgrano,289525140,33,tortas,torta red velvet,1,4310.0,1640.0,530.0,tarjeta de debito,take away,3,4310.0,7,julio,2670.0
T1508,2024-05-20,10:54:00,palermo,432527450,49,sandwiches,bagel de salmón ahumado,1,7290.0,2450.0,1290.0,transferencia,take away,5,7290.0,5,mayo,4840.0
T1241,2024-07-03,19:43:00,recoleta,sin dato,27,panes,pan de masa madre,2,2860.0,900.0,570.0,efectivo,salon,5,5720.0,7,julio,3920.0
T1161,2024-02-09,12:16:00,belgrano,441893710,48,sandwiches,sandwich de pollo y palta,1,7630.0,3060.0,760.0,mercado pago,take away,4,7630.0,2,febrero,4570.0
T1306,2024-09-24,20:48:00,belgrano,315388630,39,alfajores,alfajor triple,1,1810.0,510.0,1390.0,tarjeta de credito,salon,1,1810.0,9,septiembre,1300.0
T1440,2024-11-17,18:33:00,belgrano,393556490,33,alfajores,alfajor triple,1,2830.0,880.0,260.0,mercado pago,salon,,2830.0,11,noviembre,1950.0
T1448,2024-04-30,11:13:00,belgrano,347252230,26,tortas,torta red velvet,2,5490.0,2270.0,1650.0,tarjeta de credito,take away,5,10980.0,4,abril,6440.0
T1570,2024-09-12,17:29:00,belgrano,401818300,36,bebidas,limonada de jengibre,1,4020.0,1120.0,0.0,tarjeta de credito,salon,5,4020.0,9,septiembre,2900.0
T1121,2024-05-06,09:06:00,palermo,297378980,23,panes,pan multicereal,2,4070.0,910.0,1420.0,mercado pago,take away,4,8140.0,5,mayo,6320.0
T1159,2024-08-15,12:48:00,recoleta,234303170,16,cafe,espresso tonic,2,3980.0,480.0,550.0,tarjeta de debito,salon,4,7960.0,8,agosto,7000.0
T1488,2024-08-20,08:09:00,caballito,338262020,35,panes,pan integral,1,2360.0,590.0,120.0,efectivo,salon,4,2360.0,8,agosto,1770.0
T1331,2024-05-18,07:29:00,palermo,222346510,40,panes,pan integral,2,3220.0,990.0,1760.0,mercado pago,take away,5,6440.0,5,mayo,4460.0
T1545,2024-10-18,09:16:00,palermo,401282010,19,sandwiches,bagel de salmón ahumado,1,4720.0,2070.0,1660.0,tarjeta de credito,delivery,5,4720.0,10,octubre,2650.0
T1392,2024-07-29,10:11:00,villa urquiza,432087130,16,tortas,torta red velvet,1,4300.0,1410.0,500.0,efectivo,take away,5,4300.0,7,julio,2890.0
T1180,2024-06-03,09:55:00,recoleta,231319700,26,alfajores,alfajor de maicena,1,1950.0,620.0,1790.0,tarjeta de credito,salon,4,1950.0,6,junio,1330.0
T1336,2024-07-29,11:28:00,recoleta,250988320,48,panes,pan de masa madre,1,3570.0,1010.0,1020.0,tarjeta de debito,salon,4,3570.0,7,julio,2560.0
T1239,2024-09-24,10:22:00,caballito,299103410,32,alfajores,alfajor triple,1,2060.0,530.0,310.0,tarjeta de debito,salon,5,2060.0,9,septiembre,1530.0
T1340,2024-07-17,15:48:00,palermo,263703200,43,sandwiches,bagel de salmón ahumado,1,5050.0,2220.0,1440.0,tarjeta de credito,salon,,5050.0,7,julio,2830.0
T1517,2024-12-21,18:29:00,villa urquiza,432335530,40,sandwiches,bagel de salmón ahumado,1,5580.0,2420.0,840.0,tarjeta de credito,take away,5,5580.0,12,diciembre,3160.0
T1170,2024-07-06,12:12:00,caballito,238236940,19,sandwiches,club sandwich,1,6450.0,2330.0,2530.0,tarjeta de credito,take away,5,6450.0,7,julio,4120.0
T1410,2024-09-16,12:41:00,recoleta,359018030,42,cafe,flat white,1,3260.0,670.0,2580.0,tarjeta de credito,delivery,5,3260.0,9,septiembre,2590.0
T1166,2024-10-21,10:28:00,recoleta,331242840,36,sandwiches,sandwich de pollo y palta,1,6090.0,2680.0,1690.0,mercado pago,take away,5,6090.0,10,octubre,3410.0
T1593,2024-07-21,12:19:00,recoleta,34372754,25,bebidas,agua saborizada,1,3280.0,680.0,1640.0,tarjeta de debito,salon,4,3280.0,7,julio,2600.0
T1080,2024-02-28,20:41:00,villa urquiza,441873730,32,alfajores,alfajor de nuez,1,2260.0,660.0,110.0,tarjeta de debito,salon,,2260.0,2,febrero,1600.0
T1600,2024-09-08,12:21:00,recoleta,237422790,33,cafe,espresso tonic,1,3710.0,550.0,1430.0,efectivo,take away,5,3710.0,9,septiembre,3160.0
T1162,2024-06-17,14:21:00,caballito,418451710,17,sandwiches,bagel de salmón ahumado,2,7690.0,2790.0,0.0,transferencia,salon,4,15380.0,6,junio,9800.0
T1379,2024-02-04,07:26:00,palermo,sin dato,50,cafe,mocha,1,4140.0,740.0,0.0,efectivo,take away,4,4140.0,2,febrero,3400.0
T1388,2024-03-13,14:41:00,palermo,358115070,26,panes,pan de campo,2,4010.0,850.0,5000.0,transferencia,salon,5,8020.0,3,marzo,6320.0
T1061,2024-09-12,21:45:00,recoleta,370749110,17,alfajores,alfajor de chocolate,3,2220.0,670.0,0.0,tarjeta de credito,salon,5,6660.0,9,septiembre,4650.0
T1029,2024-06-09,17:54:00,palermo,441509450,27,bebidas,smoothie de frutos rojos,1,3940.0,930.0,200.0,tarjeta de credito,salon,5,3940.0,6,junio,3010.0
T1325,2024-10-16,09:20:00,villa urquiza,434132300,32,alfajores,alfajor de maicena,1,2040.0,590.0,630.0,tarjeta de debito,salon,5,2040.0,10,octubre,1450.0
T1151,2024-11-24,07:33:00,palermo,224941140,19,panes,pan de campo,1,3610.0,940.0,2030.0,efectivo,take away,4,3610.0,11,noviembre,2670.0
T1154,2024-12-22,10:19:00,palermo,419357300,42,bebidas,smoothie de frutos rojos,2,3960.0,640.0,650.0,efectivo,salon,4,7920.0,12,diciembre,6640.0
T1082,2024-10-14,15:21:00,palermo,337844500,47,bebidas,limonada de jengibre,1,4650.0,910.0,0.0,tarjeta de credito,take away,,4650.0,10,octubre,3740.0
T1615,2024-04-02,17:27:00,belgrano,423899790,31,sandwiches,bagel de salmón ahumado,3,6680.0,2840.0,1610.0,tarjeta de credito,take away,4,20040.0,4,abril,11520.0
T1523,2024-07-17,19:56:00,villa urquiza,325582860,35,cafe,cappuccino,2,3760.0,700.0,2710.0,mercado pago,salon,4,7520.0,7,julio,6120.0
T1062,2024-03-10,20:04:00,recoleta,339231570,27,sandwiches,sandwich vegetariano,1,7260.0,2950.0,530.0,tarjeta de credito,delivery,5,7260.0,3,marzo,4310.0
T1618,2024-02-14,10:23:00,palermo,268209330,16,tortas,torta de chocolate,1,5600.0,2250.0,560.0,efectivo,salon,5,5600.0,2,febrero,3350.0
T1449,2024-08-29,18:26:00,recoleta,440714800,38,bebidas,smoothie de frutos rojos,1,3860.0,880.0,720.0,mercado pago,take away,5,3860.0,8,agosto,2980.0
T1075,2024-12-19,12:13:00,caballito,349215160,46,tortas,carrot cake,1,3710.0,1400.0,700.0,tarjeta de debito,take away,3,3710.0,12,diciembre,2310.0
T1536,2024-07-19,16:52:00,belgrano,339268590,24,alfajores,alfajor de chocolate,1,2570.0,820.0,260.0,tarjeta de debito,salon,5,2570.0,7,julio,1750.0
T1416,2024-02-04,16:47:00,recoleta,394973310,35,alfajores,alfajor de maicena,2,2210.0,560.0,1080.0,mercado pago,take away,,4420.0,2,febrero,3300.0
T1342,2024-12-30,21:12:00,caballito,230259270,54,panes,pan de campo,2,2380.0,660.0,2250.0,tarjeta de credito,salon,5,4760.0,12,diciembre,3440.0
T1056,2024-02-11,16:02:00,caballito,446468680,41,bebidas,jugo verde detox,1,4000.0,1000.0,600.0,tarjeta de credito,take away,2,4000.0,2,febrero,3000.0
T1171,2024-05-02,11:07:00,belgrano,325260730,30,alfajores,alfajor de nuez,1,2000.0,640.0,400.0,tarjeta de debito,salon,4,2000.0,5,mayo,1360.0
T1349,2024-02-25,16:46:00,villa urquiza,229417080,29,bebidas,smoothie de frutos rojos,15,3730.0,690.0,1620.0,mercado pago,take away,5,55950.0,2,febrero,45600.0
T1026,2024-07-29,19:42:00,belgrano,289525140,33,panes,pan de masa madre,1,2250.0,540.0,530.0,tarjeta de debito,take away,3,2250.0,7,julio,1710.0
T1529,2024-08-24,12:50:00,palermo,305050480,34,alfajores,alfajor de nuez,1,2740.0,720.0,550.0,tarjeta de debito,salon,,2740.0,8,agosto,2020.0
T1242,2024-05-17,21:46:00,palermo,325031240,38,panes,pan de campo,1,3030.0,900.0,0.0,tarjeta de credito,salon,4,3030.0,5,mayo,2130.0
T1573,2024-10-24,20:51:00,palermo,438098060,31,bebidas,agua saborizada,1,3490.0,620.0,350.0,tarjeta de credito,salon,4,3490.0,10,octubre,2870.0
T1384,2024-10-21,07:32:00,caballito,360436960,32,tortas,torta de limón y merengue,1,4020.0,1540.0,1690.0,mercado pago,salon,5,4020.0,10,octubre,2480.0
T1108,2024-09-11,18:31:00,recoleta,374240060,46,cafe,affogato,1,3070.0,400.0,310.0,tarjeta de credito,take away,5,3070.0,9,septiembre,2670.0
T1617,2024-09-03,18:26:00,villa urquiza,413608910,39,cafe,affogato,1,3150.0,600.0,1350.0,tarjeta de credito,salon,,3150.0,9,septiembre,2550.0
T1412,2024-12-09,08:32:00,caballito,265246600,38,bebidas,smoothie de frutos rojos,2,3680.0,760.0,1320.0,mercado pago,salon,5,7360.0,12,diciembre,5840.0
T1381,2024-12-07,19:49:00,recoleta,286347830,29,alfajores,alfajor triple,1,2900.0,960.0,0.0,tarjeta de debito,take away,4,2900.0,12,diciembre,1940.0
T1379,2024-02-04,07:26:00,palermo,376249440,50,sandwiches,tostado jamón y queso,1,4610.0,1510.0,0.0,efectivo,take away,4,4610.0,2,febrero,3100.0
T1494,2024-03-17,20:46:00,recoleta,229969130,43,alfajores,alfajor triple,3,2400.0,810.0,1440.0,transferencia,take away,4,7200.0,3,marzo,4770.0
T1211,2024-02-21,20:30:00,villa urquiza,418429130,31,sandwiches,sandwich de pollo y palta,3,5550.0,1830.0,0.0,tarjeta de debito,salon,3,16650.0,2,febrero,11160.0
T1366,2024-06-11,11:36:00,recoleta,345870180,30,cafe,flat white,1,2800.0,610.0,1640.0,tarjeta de credito,delivery,5,2800.0,6,junio,2190.0
T1059,2024-09-20,20:00:00,villa urquiza,355013530,34,sandwiches,bagel de salmón ahumado,1,7410.0,2400.0,0.0,mercado pago,salon,5,7410.0,9,septiembre,5010.0
T1313,2024-03-02,13:50:00,belgrano,202996360,38,bebidas,jugo verde detox,3,3580.0,890.0,720.0,efectivo,take away,5,10740.0,3,marzo,8070.0
T1343,2024-11-09,09:24:00,villa urquiza,327710520,27,bebidas,té helado de durazno,1,3280.0,820.0,580.0,efectivo,take away,,3280.0,11,noviembre,2460.0
T1217,2024-12-15,13:12:00,belgrano,399664860,34,tortas,carrot cake,1,4780.0,1930.0,0.0,tarjeta de credito,salon,5,4780.0,12,diciembre,2850.0
T1486,2024-09-16,12:07:00,palermo,418426740,29,sandwiches,tostado jamón y queso,3,7160.0,2820.0,2150.0,efectivo,salon,5,21480.0,9,septiembre,13020.0
T1441,2024-03-18,18:43:00,recoleta,346092230,26,panes,pan integral,1,2730.0,600.0,270.0,mercado pago,salon,5,2730.0,3,marzo,2130.0
T1047,2024-12-30,14:28:00,palermo,231223520,32,cafe,latte de avena,1,3510.0,570.0,180.0,tarjeta de credito,salon,5,3510.0,12,diciembre,2940.0
T1226,2024-11-25,11:27:00,caballito,317007390,26,cafe,cappuccino,1,3680.0,810.0,0.0,mercado pago,salon,5,3680.0,11,noviembre,2870.0
T1620,2024-01-14,18:27:00,recoleta,218147350,20,tortas,torta de limón y merengue,1,5410.0,2120.0,400.0,efectivo,take away,3,5410.0,1,enero,3290.0
T1112,2024-10-14,08:16:00,recoleta,436235880,36,alfajores,alfajor de chocolate,2,1930.0,570.0,2650.0,mercado pago,salon,5,3860.0,10,octubre,2720.0
T1469,2024-12-10,08:27:00,villa urquiza,206011350,46,alfajores,alfajor de nuez,3,2760.0,860.0,790.0,efectivo,salon,1,8280.0,12,diciembre,5700.0
T1294,2024-11-10,07:48:00,villa urquiza,214181150,30,cafe,affogato,3,3430.0,420.0,2030.0,mercado pago,salon,4,10290.0,11,noviembre,9030.0
T1362,2024-06-15,14:31:00,palermo,221932920,36,bebidas,limonada de jengibre,1,3550.0,900.0,1000.0,mercado pago,salon,5,3550.0,6,junio,2650.0
T1566,2024-02-29,14:42:00,villa urquiza,280833160,16,tortas,torta de chocolate,2,4500.0,1440.0,0.0,tarjeta de debito,salon,5,9000.0,2,febrero,6120.0
T1310,2024-03-15,07:17:00,caballito,223952720,37,alfajores,alfajor de chocolate,1,2610.0,770.0,650.0,transferencia,salon,4,2610.0,3,marzo,1840.0
T1371,2024-03-13,18:46:00,villa urquiza,293757910,21,bebidas,jugo verde detox,1,4360.0,680.0,780.0,mercado pago,salon,5,4360.0,3,marzo,3680.0
T1001,2024-11-23,08:01:00,recoleta,282172070,36,cafe,flat white,1,3690.0,480.0,1060.0,tarjeta de debito,salon,3,3690.0,11,noviembre,3210.0
T1390,2024-03-11,12:53:00,belgrano,215296300,47,alfajores,alfajor de chocolate,1,2570.0,760.0,260.0,transferencia,salon,3,2570.0,3,marzo,1810.0
T1128,2024-02-01,18:08:00,villa urquiza,269572330,37,bebidas,smoothie de frutos rojos,1,4040.0,740.0,2010.0,transferencia,salon,5,4040.0,2,febrero,3300.0
T1308,2024-11-22,14:39:00,caballito,291313060,39,cafe,flat white,1,3080.0,450.0,150.0,transferencia,salon,4,3080.0,11,noviembre,2630.0
T1611,2024-11-25,21:02:00,belgrano,283330060,46,tortas,cheesecake de frutos rojos,2,3820.0,1560.0,2570.0,efectivo,salon,,7640.0,11,noviembre,4520.0
T1122,2024-05-03,10:37:00,recoleta,216326960,33,bebidas,agua saborizada,1,3490.0,570.0,2160.0,efectivo,salon,5,3490.0,5,mayo,2920.0
T1403,2024-03-11,12:15:00,villa urquiza,238103630,28,sandwiches,bagel de salmón ahumado,1,6100.0,2050.0,3210.0,mercado pago,take away,5,6100.0,3,marzo,4050.0
T1081,2024-12-06,11:23:00,belgrano,430458890,22,tortas,torta red velvet,1,5370.0,1990.0,1070.0,mercado pago,salon,5,5370.0,12,diciembre,3380.0
T1307,2024-07-12,10:16:00,palermo,341680020,32,bebidas,smoothie de frutos rojos,2,3480.0,890.0,970.0,tarjeta de debito,salon,5,6960.0,7,julio,5180.0
T1482,2024-01-06,18:51:00,villa urquiza,223347570,24,panes,pan de nuez y pasas,1,2320.0,660.0,0.0,efectivo,salon,4,2320.0,1,enero,1660.0
T1514,2024-01-07,16:45:00,palermo,398939690,50,sandwiches,bagel de salmón ahumado,1,6090.0,2100.0,1260.0,tarjeta de debito,delivery,3,6090.0,1,enero,3990.0
T1099,2024-08-15,16:18:00,caballito,278518350,22,panes,pan multicereal,1,3560.0,900.0,490.0,transferencia,salon,,3560.0,8,agosto,2660.0
T1468,2024-04-03,20:25:00,palermo,227947670,23,alfajores,alfajor de nuez,1,2490.0,860.0,380.0,mercado pago,take away,4,2490.0,4,abril,1630.0
T1234,2024-07-15,07:02:00,villa urquiza,266912310,27,cafe,cold brew,1,2830.0,550.0,280.0,tarjeta de credito,delivery,,2830.0,7,julio,2280.0
T1485,2024-09-18,15:19:00,villa urquiza,314322920,41,sandwiches,tostado jamón y queso,1,7250.0,2720.0,3010.0,tarjeta de debito,salon,,7250.0,9,septiembre,4530.0
T1320,2024-05-07,16:40:00,belgrano,387375820,46,panes,pan de nuez y pasas,1,3000.0,660.0,980.0,transferencia,salon,3,3000.0,5,mayo,2340.0
T1521,2024-04-17,11:29:00,belgrano,324030820,30,cafe,cappuccino,1,4270.0,530.0,550.0,tarjeta de credito,take away,,4270.0,4,abril,3740.0
T1074,2024-08-20,12:42:00,villa urquiza,340635600,39,tortas,carrot cake,3,4920.0,1640.0,2210.0,transferencia,take away,4,14760.0,8,agosto,9840.0
T1593,2024-07-21,12:19:00,recoleta,343727540,25,alfajores,alfajor triple,1,2790.0,750.0,1640.0,tarjeta de debito,salon,4,2790.0,7,julio,2040.0
T1175,2024-06-27,20:52:00,palermo,347327410,26,panes,pan de nuez y pasas,1,2480.0,560.0,0.0,efectivo,take away,4,2480.0,6,junio,1920.0
T1342,2024-12-30,21:12:00,caballito,230259270,54,tortas,torta de limón y merengue,2,5130.0,2140.0,2250.0,tarjeta de credito,salon,5,10260.0,12,diciembre,5980.0
T1469,2024-12-10,08:27:00,villa urquiza,206011350,46,alfajores,alfajor triple,3,2480.0,710.0,790.0,efectivo,salon,1,7440.0,12,diciembre,5310.0
T1053,2024-05-02,09:35:00,palermo,252523630,41,tortas,cheesecake de frutos rojos,1,4160.0,1680.0,620.0,efectivo,salon,5,4160.0,5,mayo,2480.0
T1620,2024-01-14,18:27:00,recoleta,218147350,20,panes,pan de campo,1,2490.0,570.0,400.0,efectivo,take away,3,2490.0,1,enero,1920.0
T1577,2024-11-26,18:27:00,recoleta,391737770,29,cafe,affogato,1,4020.0,690.0,0.0,tarjeta de debito,salon,3,4020.0,11,noviembre,3330.0
T1580,2024-09-24,21:22:00,villa urquiza,380593130,29,panes,pan de campo,1,2580.0,770.0,880.0,transferencia,salon,3,2580.0,9,septiembre,1810.0
T1398,2024-08-24,11:00:00,caballito,447020630,20,cafe,cold brew,2,4170.0,670.0,0.0,tarjeta de debito,salon,4,8340.0,8,agosto,7000.0
T1274,2024-05-20,20:47:00,recoleta,394156490,34,cafe,mocha,1,4150.0,600.0,830.0,transferencia,take away,4,4150.0,5,mayo,3550.0
T1427,2024-12-11,14:43:00,palermo,33299962,42,alfajores,alfajor de nuez,3,2560.0,830.0,380.0,mercado pago,salon,5,7680.0,12,diciembre,5190.0
T1312,2024-09-03,17:19:00,belgrano,320939110,32,bebidas,agua saborizada,1,3550.0,660.0,360.0,efectivo,take away,4,3550.0,9,septiembre,2890.0
T1563,2024-07-24,18:53:00,belgrano,208616920,33,panes,pan multicereal,1,3100.0,940.0,1000.0,transferencia,salon,5,3100.0,7,julio,2160.0
T1425,2024-08-26,08:33:00,belgrano,366368240,33,sandwiches,bagel de salmón ahumado,1,4880.0,1940.0,240.0,tarjeta de credito,take away,5,4880.0,8,agosto,2940.0
T1466,2024-01-21,15:21:00,caballito,426975610,28,cafe,mocha,1,3770.0,630.0,3390.0,tarjeta de debito,take away,5,3770.0,1,enero,3140.0
T1545,2024-10-18,09:16:00,palermo,401282010,19,bebidas,té helado de durazno,1,3560.0,940.0,1660.0,tarjeta de credito,delivery,5,3560.0,10,octubre,2620.0
T1191,2024-10-17,09:23:00,belgrano,285602750,23,bebidas,jugo verde detox,2,3000.0,450.0,300.0,efectivo,take away,5,6000.0,10,octubre,5100.0
T1158,2024-05-06,18:04:00,palermo,289916490,39,alfajores,alfajor triple,1,2200.0,760.0,0.0,tarjeta de debito,salon,5,2200.0,5,mayo,1440.0
T1143,2024-01-09,10:13:00,palermo,233855310,16,panes,pan de campo,3,2480.0,570.0,1900.0,transferencia,salon,5,7440.0,1,enero,5730.0
T1511,2024-01-28,20:21:00,villa urquiza,279437990,57,tortas,carrot cake,2,4220.0,1300.0,1860.0,efectivo,take away,5,8440.0,1,enero,5840.0
T1206,2024-11-04,10:01:00,villa urquiza,360386490,17,sandwiches,tostado jamón y queso,2,7530.0,2730.0,4950.0,efectivo,salon,5,15060.0,11,noviembre,9600.0
T1219,2024-10-19,16:30:00,palermo,257780640,32,alfajores,alfajor de maicena,2,2240.0,710.0,1570.0,tarjeta de credito,salon,5,4480.0,10,octubre,3060.0
T1246,2024-04-24,15:41:00,caballito,335317300,44,bebidas,limonada de jengibre,1,3170.0,710.0,1160.0,tarjeta de debito,salon,4,3170.0,4,abril,2460.0
T1019,2024-10-18,10:37:00,villa urquiza,213335080,31,alfajores,alfajor de chocolate,1,2540.0,720.0,0.0,transferencia,salon,5,2540.0,10,octubre,1820.0
T1524,2024-04-16,10:57:00,belgrano,351692890,28,cafe,cold brew,1,4200.0,740.0,1170.0,tarjeta de debito,salon,4,4200.0,4,abril,3460.0
T1590,2024-05-28,11:30:00,recoleta,288835620,33,sandwiches,club sandwich,1,7220.0,2750.0,720.0,tarjeta de debito,salon,5,7220.0,5,mayo,4470.0
T1521,2024-04-17,11:29:00,belgrano,324030820,30,cafe,cappuccino,1,4120.0,550.0,550.0,tarjeta de credito,take away,,4120.0,4,abril,3570.0
T1575,2024-07-25,10:02:00,palermo,280817660,29,bebidas,agua saborizada,1,3620.0,580.0,1100.0,mercado pago,salon,5,3620.0,7,julio,3040.0
T1266,2024-10-07,08:19:00,belgrano,448782780,41,cafe,cappuccino,1,3770.0,710.0,570.0,tarjeta de credito,salon,,3770.0,10,octubre,3060.0
T1142,2024-10-02,13:33:00,belgrano,444228660,25,sandwiches,tostado jamón y queso,3,5410.0,2240.0,2640.0,tarjeta de debito,take away,5,16230.0,10,octubre,9510.0
T1293,2024-06-30,10:57:00,villa urquiza,290286850,21,panes,pan de masa madre,2,3870.0,940.0,770.0,tarjeta de debito,delivery,5,7740.0,6,junio,5860.0
T1565,2024-07-16,11:38:00,belgrano,438888080,27,bebidas,jugo verde detox,1,3050.0,490.0,0.0,tarjeta de debito,take away,,3050.0,7,julio,2560.0
T1368,2024-08-31,09:12:00,villa urquiza,329048680,42,panes,pan integral,2,3920.0,1110.0,2340.0,tarjeta de credito,take away,4,7840.0,8,agosto,5620.0
T1153,2024-02-19,15:09:00,belgrano,264401710,53,alfajores,alfajor de maicena,1,2210.0,680.0,220.0,transferencia,salon,5,2210.0,2,febrero,1530.0
T1292,2024-10-27,20:01:00,caballito,239013160,23,cafe,flat white,1,3850.0,570.0,2080.0,tarjeta de credito,salon,5,3850.0,10,octubre,3280.0
T1538,2024-06-15,13:28:00,belgrano,284814400,35,bebidas,agua saborizada,2,3650.0,950.0,0.0,tarjeta de debito,salon,5,7300.0,6,junio,5400.0
T1584,2024-09-07,08:33:00,recoleta,435033870,41,tortas,cheesecake de frutos rojos,2,4230.0,1360.0,3270.0,transferencia,take away,5,8460.0,9,septiembre,5740.0
T1252,2024-06-02,20:44:00,villa urquiza,305330980,45,panes,pan de nuez y pasas,1,3280.0,940.0,540.0,transferencia,take away,4,3280.0,6,junio,2340.0
T1269,2024-06-18,21:30:00,caballito,349437330,30,bebidas,jugo verde detox,1,3140.0,810.0,160.0,tarjeta de credito,take away,5,3140.0,6,junio,2330.0
T1183,2024-03-04,16:46:00,caballito,sin dato,37,tortas,cheesecake de frutos rojos,1,4770.0,1780.0,720.0,mercado pago,salon,3,4770.0,3,marzo,2990.0
T1597,2024-04-11,14:45:00,palermo,435265200,49,tortas,carrot cake,1,4440.0,1670.0,540.0,transferencia,take away,4,4440.0,4,abril,2770.0
T1451,2024-11-28,19:08:00,villa urquiza,430100650,31,bebidas,té helado de durazno,1,3440.0,890.0,170.0,mercado pago,take away,4,3440.0,11,noviembre,2550.0
T1339,2024-08-06,13:49:00,palermo,403987440,17,panes,pan de nuez y pasas,3,3280.0,670.0,0.0,mercado pago,take away,4,9840.0,8,agosto,7830.0
T1179,2024-04-18,14:17:00,recoleta,295158040,23,tortas,torta de chocolate,1,5640.0,2000.0,2410.0,tarjeta de credito,salon,3,5640.0,4,abril,3640.0
T1121,2024-05-06,09:06:00,palermo,297378980,23,alfajores,alfajor de maicena,1,1900.0,560.0,1420.0,mercado pago,take away,4,1900.0,5,mayo,1340.0
T1549,2024-12-17,18:46:00,belgrano,404032150,16,panes,pan de masa madre,1,2450.0,650.0,1220.0,mercado pago,salon,4,2450.0,12,diciembre,1800.0
T1162,2024-06-17,14:21:00,caballito,418451710,17,sandwiches,bagel de salmón ahumado,3,5700.0,1970.0,0.0,transferencia,salon,4,17100.0,6,junio,11190.0
T1294,2024-11-10,07:48:00,villa urquiza,214181150,30,cafe,affogato,1,3210.0,630.0,2030.0,mercado pago,salon,4,3210.0,11,noviembre,2580.0
T1518,2024-01-22,14:14:00,palermo,414334650,37,alfajores,alfajor triple,1,2690.0,780.0,400.0,tarjeta de debito,take away,5,2690.0,1,enero,1910.0
T1072,2024-09-03,19:18:00,recoleta,238644540,35,alfajores,alfajor de maicena,1,2090.0,600.0,1940.0,mercado pago,delivery,3,2090.0,9,septiembre,1490.0
T1439,2024-06-03,15:51:00,recoleta,345260650,36,cafe,cappuccino,1,3810.0,790.0,570.0,transferencia,salon,4,3810.0,6,junio,3020.0
T1202,2024-06-30,10:58:00,belgrano,292268570,26,cafe,cold brew,1,3770.0,790.0,850.0,tarjeta de credito,salon,3,3770.0,6,junio,2980.0
T1579,2024-02-14,15:16:00,palermo,228390510,21,alfajores,alfajor de maicena,1,2070.0,710.0,800.0,efectivo,salon,4,2070.0,2,febrero,1360.0
T1489,2024-10-13,15:49:00,caballito,288480920,33,alfajores,alfajor de nuez,1,2710.0,710.0,270.0,transferencia,salon,4,2710.0,10,octubre,2000.0
T1373,2024-02-01,17:30:00,villa urquiza,256733570,19,sandwiches,sandwich vegetariano,1,4940.0,2130.0,1230.0,transferencia,salon,,4940.0,2,febrero,2810.0
T1148,2024-09-30,17:22:00,recoleta,287765510,40,bebidas,agua saborizada,1,4290.0,760.0,210.0,tarjeta de credito,salon,5,4290.0,9,septiembre,3530.0
T1119,2024-11-12,17:01:00,caballito,410441320,34,bebidas,agua saborizada,1,3510.0,550.0,700.0,transferencia,salon,,3510.0,11,noviembre,2960.0
T1506,2024-12-29,12:12:00,palermo,sin dato,24,sandwiches,sandwich de pollo y palta,2,5430.0,2240.0,1110.0,tarjeta de credito,take away,4,10860.0,12,diciembre,6380.0
T1601,2024-10-26,13:05:00,palermo,243783630,29,panes,pan de nuez y pasas,1,3640.0,810.0,2040.0,transferencia,salon,5,3640.0,10,octubre,2830.0
T1104,2024-05-29,13:00:00,villa urquiza,318385410,24,cafe,espresso tonic,2,2830.0,350.0,430.0,tarjeta de debito,take away,4,5660.0,5,mayo,4960.0
T1092,2024-11-17,12:09:00,caballito,222913060,34,tortas,torta red velvet,1,4670.0,1650.0,700.0,mercado pago,salon,4,4670.0,11,noviembre,3020.0
T1509,2024-04-24,07:17:00,caballito,378647240,26,cafe,affogato,2,2840.0,620.0,850.0,mercado pago,salon,4,5680.0,4,abril,4440.0
T1055,2024-02-06,07:10:00,recoleta,sin dato,32,sandwiches,bagel de salmón ahumado,1,7610.0,2920.0,1140.0,transferencia,delivery,4,7610.0,2,febrero,4690.0
T1344,2024-05-27,17:11:00,palermo,244147910,23,alfajores,alfajor de nuez,1,2400.0,810.0,360.0,tarjeta de debito,salon,5,2400.0,5,mayo,1590.0
T1134,2024-06-20,11:29:00,villa urquiza,375932100,29,bebidas,smoothie de frutos rojos,1,4220.0,820.0,0.0,mercado pago,take away,3,4220.0,6,junio,3400.0
T1340,2024-07-17,15:48:00,palermo,263703200,43,bebidas,jugo verde detox,1,4540.0,1060.0,1440.0,tarjeta de credito,salon,,4540.0,7,julio,3480.0
T1145,2024-09-25,12:44:00,caballito,336989040,24,tortas,torta de limón y merengue,1,4450.0,1620.0,0.0,tarjeta de debito,salon,4,4450.0,9,septiembre,2830.0
T1243,2024-12-13,14:11:00,villa urquiza,327423210,33,bebidas,té helado de durazno,1,3820.0,1010.0,500.0,tarjeta de credito,take away,,3820.0,12,diciembre,2810.0
T1537,2024-01-23,10:56:00,belgrano,291864070,26,bebidas,té helado de durazno,1,4540.0,1130.0,1230.0,transferencia,salon,,4540.0,1,enero,3410.0
T1261,2024-09-06,07:18:00,belgrano,307479120,16,cafe,espresso tonic,1,2810.0,530.0,1900.0,transferencia,salon,3,2810.0,9,septiembre,2280.0
T1144,2024-10-21,12:36:00,villa urquiza,425664250,33,cafe,mocha,1,4170.0,680.0,810.0,tarjeta de credito,salon,,4170.0,10,octubre,3490.0
T1059,2024-09-20,20:00:00,villa urquiza,355013530,34,alfajores,alfajor de nuez,1,2640.0,800.0,0.0,mercado pago,salon,5,2640.0,9,septiembre,1840.0
T1140,2024-01-30,15:29:00,recoleta,442692520,38,cafe,flat white,1,2870.0,360.0,0.0,efectivo,salon,5,2870.0,1,enero,2510.0
T1522,2024-11-11,16:12:00,villa urquiza,298711340,33,tortas,carrot cake,1,5320.0,1700.0,2040.0,tarjeta de debito,salon,3,5320.0,11,noviembre,3620.0
T1291,2024-02-07,15:18:00,recoleta,239261700,32,panes,pan multicereal,1,4120.0,1050.0,1560.0,transferencia,delivery,,4120.0,2,febrero,3070.0
T1217,2024-12-15,13:12:00,belgrano,399664860,34,cafe,cappuccino,1,4180.0,790.0,0.0,tarjeta de credito,salon,5,4180.0,12,diciembre,3390.0
T1495,2024-05-22,17:05:00,belgrano,437299830,46,cafe,mocha,1,2990.0,420.0,1000.0,efectivo,take away,5,2990.0,5,mayo,2570.0
T1166,2024-10-21,10:28:00,recoleta,331242840,36,tortas,torta de chocolate,2,5410.0,1850.0,1690.0,mercado pago,take away,5,10820.0,10,octubre,7120.0
T1541,2024-01-06,17:17:00,belgrano,347860280,17,bebidas,smoothie de frutos rojos,1,3750.0,590.0,550.0,tarjeta de credito,salon,5,3750.0,1,enero,3160.0
T1303,2024-05-06,18:18:00,caballito,410212030,29,bebidas,smoothie de frutos rojos,1,4460.0,950.0,890.0,tarjeta de debito,salon,5,4460.0,5,mayo,3510.0
T1438,2024-01-25,11:36:00,caballito,275794750,42,tortas,torta de limón y merengue,1,4270.0,1690.0,830.0,transferencia,take away,3,4270.0,1,enero,2580.0
T1028,2024-09-18,08:24:00,villa urquiza,263779850,28,cafe,mocha,2,3880.0,730.0,620.0,tarjeta de credito,salon,4,7760.0,9,septiembre,6300.0
T1051,2024-01-27,11:55:00,caballito,238281290,23,tortas,cheesecake de frutos rojos,1,3840.0,1290.0,1430.0,efectivo,salon,3,3840.0,1,enero,2550.0
T1408,2024-03-23,18:34:00,recoleta,261163180,19,panes,pan integral,1,2720.0,730.0,810.0,tarjeta de debito,take away,5,2720.0,3,marzo,1990.0
T1438,2024-01-25,11:36:00,caballito,sin dato,42,alfajores,alfajor de nuez,2,2030.0,640.0,830.0,transferencia,take away,3,4060.0,1,enero,2780.0
T1031,2024-08-26,14:28:00,belgrano,371521530,35,tortas,cheesecake de frutos rojos,1,5050.0,1640.0,0.0,mercado pago,take away,,5050.0,8,agosto,3410.0
T1098,2024-03-11,09:04:00,recoleta,233937200,36,tortas,torta red velvet,1,5520.0,2050.0,520.0,transferencia,take away,5,5520.0,3,marzo,3470.0
T1385,2024-12-15,11:25:00,palermo,412155450,33,alfajores,alfajor triple,1,2510.0,640.0,130.0,efectivo,salon,,2510.0,12,diciembre,1870.0
T1211,2024-02-21,20:30:00,villa urquiza,41842913,31,panes,pan integral,1,2520.0,790.0,0.0,tarjeta de debito,salon,3,2520.0,2,febrero,1730.0
T1165,2024-12-02,17:22:00,belgrano,417097120,22,alfajores,alfajor triple,1,2860.0,720.0,0.0,transferencia,salon,,2860.0,12,diciembre,2140.0
T1131,2024-11-11,18:37:00,belgrano,281355410,41,panes,pan de campo,3,4130.0,900.0,3190.0,efectivo,take away,5,12390.0,11,noviembre,9690.0
T1021,2024-10-05,18:19:00,villa urquiza,419438030,40,bebidas,limonada de jengibre,1,4600.0,760.0,230.0,transferencia,salon,5,4600.0,10,octubre,3840.0
T1433,2024-09-06,19:07:00,villa urquiza,426500660,37,alfajores,alfajor triple,1,2640.0,680.0,0.0,mercado pago,take away,5,2640.0,9,septiembre,1960.0
T1139,2024-10-07,21:32:00,belgrano,392166790,24,tortas,cheesecake de frutos rojos,1,5150.0,2100.0,740.0,transferencia,salon,4,5150.0,10,octubre,3050.0
T1215,2024-12-22,17:06:00,palermo,424190970,30,cafe,mocha,1,4100.0,850.0,320.0,tarjeta de credito,take away,4,4100.0,12,diciembre,3250.0
T1606,2024-11-28,12:40:00,villa urquiza,32385281,42,tortas,torta de chocolate,1,5400.0,2250.0,1360.0,tarjeta de credito,salon,5,5400.0,11,noviembre,3150.0
T1179,2024-04-18,14:17:00,recoleta,295158040,23,alfajores,alfajor de chocolate,2,2900.0,980.0,2410.0,tarjeta de credito,salon,3,5800.0,4,abril,3840.0
T1242,2024-05-17,21:46:00,palermo,325031240,38,sandwiches,bagel de salmón ahumado,1,6780.0,2540.0,0.0,tarjeta de credito,salon,4,6780.0,5,mayo,4240.0
T1616,2024-09-01,20:04:00,palermo,sin dato,43,panes,pan de masa madre,1,3740.0,970.0,560.0,mercado pago,delivery,4,3740.0,9,septiembre,2770.0
T1201,2024-11-26,08:37:00,sin dato,286845790,34,alfajores,alfajor de nuez,1,2350.0,690.0,0.0,efectivo,salon,3,2350.0,11,noviembre,1660.0
T1064,2024-10-29,12:55:00,palermo,347742240,36,alfajores,alfajor de chocolate,2,1880.0,520.0,1070.0,efectivo,salon,5,3760.0,10,octubre,2720.0
T1510,2024-08-04,08:58:00,belgrano,266060890,34,sandwiches,sandwich vegetariano,1,5320.0,2370.0,980.0,tarjeta de debito,salon,3,5320.0,8,agosto,2950.0
T1315,2024-04-08,07:44:00,caballito,320181060,25,cafe,latte de avena,1,3610.0,640.0,340.0,tarjeta de debito,salon,2,3610.0,4,abril,2970.0
T1298,2024-05-08,15:54:00,villa urquiza,216008580,37,sandwiches,bagel de salmón ahumado,1,7270.0,3030.0,360.0,mercado pago,salon,4,7270.0,5,mayo,4240.0
T1324,2024-02-18,16:41:00,recoleta,212539820,25,tortas,cheesecake de frutos rojos,2,5220.0,2150.0,1050.0,transferencia,salon,5,10440.0,2,febrero,6140.0
T1564,2024-06-15,17:28:00,belgrano,403595880,25,alfajores,alfajor de nuez,2,2890.0,980.0,870.0,mercado pago,salon,5,5780.0,6,junio,3820.0
T1096,2024-06-17,08:35:00,caballito,295343900,24,cafe,cappuccino,1,3770.0,500.0,800.0,tarjeta de credito,take away,5,3770.0,6,junio,3270.0
T1105,2024-07-17,12:16:00,palermo,319820820,31,cafe,mocha,1,3940.0,610.0,1680.0,efectivo,salon,5,3940.0,7,julio,3330.0
T1540,2024-03-12,14:52:00,recoleta,254145620,31,tortas,torta de limón y merengue,1,5210.0,1980.0,520.0,tarjeta de debito,take away,5,5210.0,3,marzo,3230.0
T1195,2024-10-06,19:50:00,belgrano,250521690,31,bebidas,smoothie de frutos rojos,1,3180.0,580.0,0.0,efectivo,delivery,2,3180.0,10,octubre,2600.0
T1086,2024-08-08,08:18:00,villa urquiza,363286850,19,cafe,flat white,1,2810.0,400.0,280.0,transferencia,take away,2,2810.0,8,agosto,2410.0
T1452,2024-05-24,10:05:00,caballito,323345940,38,cafe,mocha,1,3140.0,520.0,600.0,tarjeta de debito,salon,4,3140.0,5,mayo,2620.0
T1089,2024-01-11,12:10:00,villa urquiza,354382900,34,cafe,cappuccino,1,3590.0,540.0,180.0,sin dato,salon,5,3590.0,1,enero,3050.0
T1553,2024-03-10,18:30:00,belgrano,sin dato,19,sandwiches,bagel de salmón ahumado,1,5840.0,2170.0,1420.0,tarjeta de debito,salon,,5840.0,3,marzo,3670.0
T1389,2024-11-08,09:53:00,villa urquiza,221460610,29,tortas,cheesecake de frutos rojos,2,4480.0,1870.0,1960.0,efectivo,salon,5,8960.0,11,noviembre,5220.0
T1609,2024-09-02,08:31:00,belgrano,354145740,38,panes,pan integral,1,3570.0,780.0,1530.0,tarjeta de debito,take away,4,3570.0,9,septiembre,2790.0
T1048,2024-10-08,12:22:00,caballito,290904460,29,tortas,torta de limón y merengue,1,5690.0,1840.0,570.0,tarjeta de credito,salon,3,5690.0,10,octubre,3850.0
T1209,2024-10-20,13:54:00,villa urquiza,210865840,40,tortas,torta red velvet,1,4530.0,1490.0,0.0,tarjeta de debito,take away,,4530.0,10,octubre,3040.0
T1475,2024-10-27,21:43:00,recoleta,402031270,26,cafe,cold brew,2,3220.0,600.0,1180.0,mercado pago,salon,4,6440.0,10,octubre,5240.0
T1002,2024-12-25,15:26:00,belgrano,350729540,30,sandwiches,sandwich de pollo y palta,1,4810.0,2070.0,770.0,transferencia,salon,,4810.0,12,diciembre,2740.0
T1519,2024-01-04,12:00:00,palermo,320086830,45,bebidas,jugo verde detox,1,4550.0,1260.0,230.0,efectivo,take away,3,4550.0,1,enero,3290.0
T1230,2024-06-20,17:05:00,belgrano,319213320,36,sandwiches,sandwich vegetariano,1,5360.0,2310.0,1220.0,tarjeta de debito,take away,4,5360.0,6,junio,3050.0
T1458,2024-05-13,08:20:00,palermo,24290655,34,sandwiches,club sandwich,2,5530.0,2000.0,1380.0,mercado pago,take away,5,11060.0,5,mayo,7060.0
T1321,2024-11-03,14:59:00,recoleta,305748460,37,bebidas,agua saborizada,1,4400.0,800.0,660.0,transferencia,delivery,4,4400.0,11,noviembre,3600.0
T1121,2024-05-06,09:06:00,palermo,297378980,23,panes,pan integral,1,4190.0,1280.0,1420.0,mercado pago,take away,4,4190.0,5,mayo,2910.0
T1263,2024-08-18,17:25:00,caballito,306167640,35,bebidas,jugo verde detox,2,3110.0,480.0,310.0,efectivo,salon,3,6220.0,8,agosto,5260.0
T1400,2024-11-27,08:01:00,caballito,424491090,36,bebidas,agua saborizada,2,3310.0,770.0,540.0,tarjeta de credito,salon,5,6620.0,11,noviembre,5080.0
T1364,2024-06-15,15:06:00,caballito,259114180,26,cafe,affogato,1,4030.0,740.0,810.0,tarjeta de credito,delivery,3,4030.0,6,junio,3290.0
T1176,2024-01-31,16:22:00,villa urquiza,294316480,40,bebidas,limonada de jengibre,2,3230.0,660.0,2580.0,transferencia,salon,4,6460.0,1,enero,5140.0
T1431,2024-09-11,14:32:00,recoleta,382012020,16,tortas,carrot cake,1,5520.0,1950.0,550.0,tarjeta de credito,take away,5,5520.0,9,septiembre,3570.0
T1025,2024-10-13,21:55:00,caballito,408259440,39,panes,pan integral,2,2250.0,540.0,0.0,tarjeta de debito,delivery,4,4500.0,10,octubre,3420.0
T1225,2024-12-12,10:17:00,caballito,372228600,16,alfajores,alfajor de chocolate,1,2510.0,630.0,970.0,efectivo,take away,,2510.0,12,diciembre,1880.0
T1117,2024-06-26,15:57:00,recoleta,226460990,23,bebidas,smoothie de frutos rojos,1,4040.0,940.0,610.0,tarjeta de credito,salon,,4040.0,6,junio,3100.0
T1178,2024-02-17,13:32:00,recoleta,433103850,35,sandwiches,sandwich de pollo y palta,1,7130.0,3180.0,1710.0,tarjeta de credito,salon,5,7130.0,2,febrero,3950.0
T1542,2024-07-12,19:12:00,belgrano,325709900,16,tortas,torta red velvet,1,5390.0,1660.0,810.0,tarjeta de debito,salon,1,5390.0,7,julio,3730.0
T1562,2024-12-15,21:21:00,recoleta,280395420,50,sandwiches,sandwich vegetariano,1,7160.0,3100.0,720.0,tarjeta de credito,take away,4,7160.0,12,diciembre,4060.0
T1330,2024-10-06,15:48:00,recoleta,384146740,27,bebidas,limonada de jengibre,2,3640.0,800.0,1200.0,mercado pago,take away,,7280.0,10,octubre,5680.0
T1253,2024-06-29,15:30:00,villa urquiza,391474400,42,alfajores,alfajor de maicena,1,2380.0,630.0,910.0,mercado pago,take away,,2380.0,6,junio,1750.0
T1350,2024-09-23,18:40:00,caballito,365257070,22,panes,pan de campo,1,2440.0,720.0,0.0,tarjeta de debito,take away,4,2440.0,9,septiembre,1720.0
T1589,2024-03-27,17:59:00,villa urquiza,275520480,45,tortas,carrot cake,1,4640.0,1930.0,1910.0,tarjeta de debito,salon,5,4640.0,3,marzo,2710.0
T1569,2024-10-22,18:00:00,recoleta,220765130,39,bebidas,jugo verde detox,1,4000.0,600.0,4690.0,transferencia,salon,5,4000.0,10,octubre,3400.0
T1120,2024-08-13,13:30:00,caballito,268458760,19,bebidas,smoothie de frutos rojos,1,4660.0,920.0,1190.0,tarjeta de credito,take away,4,4660.0,8,agosto,3740.0
T1387,2024-10-30,10:31:00,caballito,221136810,31,alfajores,alfajor de maicena,1,1840.0,600.0,1200.0,transferencia,take away,5,1840.0,10,octubre,1240.0
T1457,2024-11-02,18:47:00,palermo,201798840,36,alfajores,alfajor de chocolate,2,1900.0,560.0,640.0,tarjeta de credito,salon,4,3800.0,11,noviembre,2680.0
T1204,2024-04-22,07:57:00,recoleta,219659950,34,alfajores,alfajor triple,3,2830.0,760.0,4820.0,mercado pago,salon,5,8490.0,4,abril,6210.0
T1020,2024-02-07,07:29:00,villa urquiza,388909310,21,sandwiches,sandwich de pollo y palta,1,7400.0,2520.0,1480.0,efectivo,salon,4,7400.0,2,febrero,4880.0
T1165,2024-12-02,17:22:00,belgrano,417097120,22,sandwiches,tostado jamón y queso,1,6190.0,2450.0,0.0,transferencia,salon,,6190.0,12,diciembre,3740.0
T1359,2024-05-25,16:15:00,belgrano,sin dato,33,panes,pan de campo,1,3140.0,670.0,470.0,tarjeta de credito,take away,4,3140.0,5,mayo,2470.0
T1360,2024-01-28,08:27:00,caballito,260056720,39,bebidas,jugo verde detox,3,3130.0,780.0,2730.0,transferencia,take away,5,9390.0,1,enero,7050.0
T1130,2024-10-05,13:57:00,caballito,315807970,70,sandwiches,bagel de salmón ahumado,2,6660.0,2320.0,1750.0,tarjeta de debito,salon,4,13320.0,10,octubre,8680.0
T1460,2024-09-10,07:28:00,recoleta,437910700,42,panes,pan de nuez y pasas,1,3850.0,1080.0,1350.0,transferencia,salon,5,3850.0,9,septiembre,2770.0
T1222,2024-02-03,11:45:00,villa urquiza,335353590,24,panes,pan de masa madre,1,3950.0,820.0,1510.0,tarjeta de debito,take away,5,3950.0,2,febrero,3130.0
T1413,2024-07-31,19:28:00,recoleta,254958910,16,cafe,latte de avena,3,2900.0,570.0,590.0,mercado pago,take away,4,8700.0,7,julio,6990.0
T1163,2024-10-06,09:43:00,villa urquiza,209031540,46,alfajores,alfajor de chocolate,1,2500.0,790.0,1130.0,mercado pago,delivery,4,2500.0,10,octubre,1710.0
T1200,2024-03-30,07:25:00,caballito,386547120,26,panes,pan de campo,2,2220.0,710.0,0.0,transferencia,salon,5,4440.0,3,marzo,3020.0
T1353,2024-06-20,14:50:00,caballito,sin dato,36,sandwiches,club sandwich,1,6270.0,2570.0,700.0,efectivo,take away,4,6270.0,6,junio,3700.0
T1336,2024-07-29,11:28:00,recoleta,250988320,48,cafe,espresso tonic,1,3200.0,460.0,1020.0,tarjeta de debito,salon,4,3200.0,7,julio,2740.0
T1297,2024-12-17,10:52:00,palermo,441865530,18,tortas,cheesecake de frutos rojos,1,4470.0,1820.0,0.0,tarjeta de credito,take away,5,4470.0,12,diciembre,2650.0
T1535,2024-09-26,12:58:00,villa urquiza,364738370,33,bebidas,agua saborizada,2,3590.0,910.0,360.0,mercado pago,salon,2,7180.0,9,septiembre,5360.0
T1237,2024-11-15,07:38:00,palermo,422120240,30,alfajores,alfajor de nuez,1,2220.0,660.0,580.0,efectivo,take away,1,2220.0,11,noviembre,1560.0
T1376,2024-02-29,07:10:00,caballito,333796550,16,panes,pan de nuez y pasas,1,3940.0,1230.0,530.0,mercado pago,salon,5,3940.0,2,febrero,2710.0
T1331,2024-05-18,07:29:00,palermo,222346510,40,alfajores,alfajor de maicena,1,2010.0,590.0,1760.0,mercado pago,take away,5,2010.0,5,mayo,1420.0
T1110,2024-08-10,11:40:00,palermo,225179630,23,tortas,cheesecake de frutos rojos,1,5450.0,1920.0,0.0,mercado pago,salon,5,5450.0,8,agosto,3530.0
T1123,2024-07-24,07:36:00,villa urquiza,265315480,32,panes,pan de campo,2,2990.0,720.0,1500.0,tarjeta de credito,take away,3,5980.0,7,julio,4540.0
T1134,2024-06-20,11:29:00,villa urquiza,375932100,29,sandwiches,tostado jamón y queso,1,7170.0,2980.0,0.0,mercado pago,take away,3,7170.0,6,junio,4190.0
T1358,2024-05-19,09:10:00,recoleta,238406530,20,cafe,latte de avena,1,3620.0,780.0,360.0,efectivo,delivery,5,3620.0,5,mayo,2840.0
T1079,2024-08-15,08:57:00,palermo,308082790,16,cafe,espresso tonic,1,3870.0,700.0,1000.0,transferencia,salon,3,3870.0,8,agosto,3170.0
T1571,2024-04-20,14:18:00,caballito,219734220,22,panes,pan de campo,2,4050.0,1230.0,760.0,tarjeta de credito,salon,5,8100.0,4,abril,5640.0
T1582,2024-04-14,08:40:00,recoleta,412439760,37,cafe,espresso tonic,2,3050.0,460.0,0.0,tarjeta de debito,take away,5,6100.0,4,abril,5180.0
T1440,2024-11-17,18:33:00,belgrano,393556490,33,alfajores,alfajor de maicena,1,2370.0,630.0,260.0,mercado pago,salon,,2370.0,11,noviembre,1740.0
T1216,2024-08-31,11:05:00,caballito,439681220,36,bebidas,jugo verde detox,3,3250.0,680.0,2040.0,efectivo,salon,,9750.0,8,agosto,7710.0
T1467,2024-02-09,21:02:00,villa urquiza,236115360,44,cafe,flat white,1,2970.0,410.0,0.0,transferencia,salon,3,2970.0,2,febrero,2560.0
T1377,2024-08-17,13:43:00,recoleta,377923520,16,alfajores,alfajor triple,1,2170.0,560.0,430.0,efectivo,salon,5,2170.0,8,agosto,1610.0
T1246,2024-04-24,15:41:00,caballito,335317300,44,tortas,carrot cake,1,4530.0,1630.0,1160.0,tarjeta de debito,salon,4,4530.0,4,abril,2900.0
T1335,2024-10-24,15:43:00,belgrano,246341900,32,panes,pan de campo,2,3730.0,930.0,970.0,tarjeta de credito,take away,,7460.0,10,octubre,5600.0
T1380,2024-03-03,18:07:00,palermo,402898880,43,panes,pan de campo,1,3590.0,920.0,1380.0,tarjeta de debito,salon,5,3590.0,3,marzo,2670.0
T1499,2024-05-02,19:38:00,villa urquiza,279353250,47,sandwiches,sandwich de pollo y palta,1,5550.0,1820.0,0.0,mercado pago,salon,5,5550.0,5,mayo,3730.0
T1180,2024-06-03,09:55:00,recoleta,231319700,26,panes,pan de campo,1,2990.0,850.0,1790.0,tarjeta de credito,salon,4,2990.0,6,junio,2140.0
T1393,2024-10-03,15:14:00,caballito,410206510,17,tortas,torta red velvet,1,4160.0,1410.0,800.0,tarjeta de debito,salon,4,4160.0,10,octubre,2750.0
T1125,2024-09-20,09:20:00,villa urquiza,306880940,42,cafe,latte de avena,1,3510.0,540.0,710.0,tarjeta de debito,salon,5,3510.0,9,septiembre,2970.0
T1200,2024-03-30,07:25:00,caballito,386547120,26,panes,pan de masa madre,1,3850.0,1060.0,0.0,transferencia,salon,5,3850.0,3,marzo,2790.0
T1473,2024-05-28,07:31:00,caballito,363108410,32,sandwiches,club sandwich,2,4710.0,1760.0,2400.0,transferencia,take away,5,9420.0,5,mayo,5900.0
T1079,2024-08-15,08:57:00,palermo,308082790,16,sandwiches,bagel de salmón ahumado,1,6170.0,2610.0,1000.0,transferencia,salon,3,6170.0,8,agosto,3560.0
T1464,2024-01-11,20:13:00,belgrano,330359940,26,sandwiches,club sandwich,1,4930.0,2110.0,960.0,mercado pago,salon,5,4930.0,1,enero,2820.0
T1262,2024-03-19,07:29:00,recoleta,212712530,31,tortas,torta de limón y merengue,2,5390.0,1880.0,540.0,efectivo,salon,4,10780.0,3,marzo,7020.0
T1319,2024-04-16,17:31:00,palermo,357054580,37,sandwiches,sandwich de pollo y palta,1,7220.0,2350.0,1560.0,efectivo,salon,5,7220.0,4,abril,4870.0
T1328,2024-06-28,16:52:00,caballito,409105230,27,bebidas,smoothie de frutos rojos,2,3270.0,530.0,330.0,tarjeta de debito,salon,,6540.0,6,junio,5480.0
T1444,2024-07-27,21:23:00,palermo,33317587,24,cafe,latte de avena,1,3540.0,640.0,0.0,tarjeta de debito,salon,5,3540.0,7,julio,2900.0
T1319,2024-04-16,17:31:00,palermo,357054580,37,tortas,torta red velvet,1,3680.0,1330.0,1560.0,efectivo,salon,5,3680.0,4,abril,2350.0
T1075,2024-12-19,12:13:00,caballito,349215160,46,cafe,mocha,1,3340.0,460.0,700.0,tarjeta de debito,take away,3,3340.0,12,diciembre,2880.0
T1348,2024-08-06,20:35:00,palermo,298258350,26,cafe,cappuccino,1,3590.0,650.0,540.0,mercado pago,salon,5,3590.0,8,agosto,2940.0
T1157,2024-06-26,07:06:00,caballito,277894600,36,bebidas,jugo verde detox,1,4120.0,950.0,1250.0,efectivo,salon,5,4120.0,6,junio,3170.0
T1138,2024-11-06,12:26:00,villa urquiza,357983680,42,bebidas,jugo verde detox,1,4480.0,930.0,760.0,transferencia,take away,5,4480.0,11,noviembre,3550.0
T1133,2024-01-20,21:58:00,belgrano,340218930,24,tortas,torta de chocolate,1,4190.0,1720.0,1270.0,tarjeta de debito,delivery,2,4190.0,1,enero,2470.0
T1604,2024-10-19,10:37:00,palermo,372065670,47,panes,pan multicereal,1,3620.0,800.0,360.0,mercado pago,salon,5,3620.0,10,octubre,2820.0
T1500,2024-03-05,11:36:00,caballito,349646810,49,alfajores,alfajor de nuez,2,1850.0,640.0,1050.0,efectivo,take away,5,3700.0,3,marzo,2420.0
T1322,2024-10-06,10:24:00,villa urquiza,449839030,29,sandwiches,sandwich de pollo y palta,1,5490.0,2370.0,3370.0,tarjeta de credito,salon,5,5490.0,10,octubre,3120.0
T1520,2024-04-11,10:18:00,belgrano,273465760,38,tortas,cheesecake de frutos rojos,2,4370.0,1370.0,1980.0,tarjeta de credito,take away,4,8740.0,4,abril,6000.0
T1035,2024-05-20,14:04:00,recoleta,sin dato,42,panes,pan de masa madre,1,2970.0,670.0,450.0,tarjeta de credito,salon,,2970.0,5,mayo,2300.0
T1129,2024-10-12,11:14:00,recoleta,296973690,37,cafe,affogato,1,3880.0,690.0,580.0,tarjeta de debito,take away,5,3880.0,10,octubre,3190.0
T1354,2024-07-11,17:34:00,belgrano,391589640,50,sandwiches,tostado jamón y queso,2,4870.0,2050.0,1290.0,transferencia,salon,5,9740.0,7,julio,5640.0
T1601,2024-10-26,13:05:00,palermo,243783630,29,cafe,espresso tonic,2,3310.0,720.0,2040.0,transferencia,salon,5,6620.0,10,octubre,5180.0
T1471,2024-11-28,10:27:00,villa urquiza,264060260,34,tortas,torta de chocolate,1,3880.0,1490.0,190.0,efectivo,salon,5,3880.0,11,noviembre,2390.0
T1430,2024-04-01,13:38:00,recoleta,251249910,41,cafe,affogato,1,3540.0,530.0,530.0,tarjeta de credito,take away,3,3540.0,4,abril,3010.0
T1375,2024-09-27,20:02:00,recoleta,228320430,29,alfajores,alfajor de nuez,1,2060.0,650.0,0.0,tarjeta de debito,take away,5,2060.0,9,septiembre,1410.0
T1510,2024-08-04,08:58:00,belgrano,266060890,34,tortas,carrot cake,1,4490.0,1780.0,980.0,tarjeta de debito,salon,3,4490.0,8,agosto,2710.0
T1574,2024-04-10,18:41:00,palermo,321542800,20,alfajores,alfajor de nuez,1,2550.0,650.0,2950.0,transferencia,salon,5,2550.0,4,abril,1900.0
T1556,2024-03-23,07:07:00,palermo,416223880,36,cafe,latte de avena,2,3900.0,830.0,2360.0,mercado pago,salon,5,7800.0,3,marzo,6140.0
T1097,2024-12-25,20:47:00,villa urquiza,231357610,50,panes,pan multicereal,1,4100.0,930.0,620.0,mercado pago,salon,1,4100.0,12,diciembre,3170.0
T1466,2024-01-21,15:21:00,caballito,426975610,28,tortas,carrot cake,3,4190.0,1600.0,3390.0,tarjeta de debito,take away,5,12570.0,1,enero,7770.0
T1463,2024-05-24,12:51:00,palermo,449577860,41,sandwiches,tostado jamón y queso,2,5290.0,1970.0,0.0,efectivo,salon,5,10580.0,5,mayo,6640.0
T1556,2024-03-23,07:07:00,palermo,416223880,36,bebidas,smoothie de frutos rojos,1,3850.0,1020.0,2360.0,mercado pago,salon,5,3850.0,3,marzo,2830.0
T1504,2024-01-02,16:30:00,palermo,203214040,35,alfajores,alfajor de maicena,1,2670.0,690.0,770.0,tarjeta de debito,salon,,2670.0,1,enero,1980.0
T1271,2024-03-17,12:25:00,belgrano,397837180,51,sandwiches,club sandwich,1,4530.0,2020.0,0.0,tarjeta de credito,salon,5,4530.0,3,marzo,2510.0
T1192,2024-01-24,14:23:00,caballito,250360050,52,sandwiches,sandwich vegetariano,1,7230.0,2430.0,530.0,tarjeta de debito,delivery,,7230.0,1,enero,4800.0
T1497,2024-07-31,07:55:00,villa urquiza,306495870,26,panes,pan multicereal,1,2490.0,520.0,120.0,mercado pago,salon,3,2490.0,7,julio,1970.0
T1111,2024-10-17,07:38:00,belgrano,427855410,21,panes,pan de campo,1,2250.0,590.0,1170.0,mercado pago,delivery,4,2250.0,10,octubre,1660.0
T1361,2024-10-17,09:05:00,caballito,232636040,24,sandwiches,sandwich vegetariano,1,5790.0,2350.0,860.0,mercado pago,salon,5,5790.0,10,octubre,3440.0
T1172,2024-11-26,21:11:00,villa urquiza,255990770,37,cafe,flat white,3,4100.0,690.0,3290.0,mercado pago,salon,4,12300.0,11,noviembre,10230.0
T1352,2024-06-19,12:25:00,villa urquiza,406693060,22,bebidas,agua saborizada,2,4560.0,1070.0,1410.0,efectivo,take away,4,9120.0,6,junio,6980.0
T1413,2024-07-31,19:28:00,recoleta,254958910,16,cafe,flat white,1,3020.0,660.0,590.0,mercado pago,take away,4,3020.0,7,julio,2360.0
T1456,2024-10-25,17:41:00,caballito,228769120,36,sandwiches,sandwich de pollo y palta,1,4810.0,1750.0,2200.0,efectivo,salon,,4810.0,10,octubre,3060.0
T1225,2024-12-12,10:17:00,caballito,372228600,16,sandwiches,club sandwich,1,7160.0,3190.0,970.0,efectivo,take away,,7160.0,12,diciembre,3970.0
T1410,2024-09-16,12:41:00,recoleta,359018030,42,sandwiches,sandwich de pollo y palta,2,6910.0,2340.0,2580.0,tarjeta de credito,delivery,5,13820.0,9,septiembre,9140.0
T1323,2024-10-19,09:06:00,palermo,354474470,35,panes,pan integral,1,3850.0,1040.0,2870.0,tarjeta de credito,salon,4,3850.0,10,octubre,2810.0
T1032,2024-01-13,07:15:00,caballito,405109500,28,tortas,torta de chocolate,1,5290.0,2100.0,1830.0,efectivo,salon,,5290.0,1,enero,3190.0
T1268,2024-06-17,16:42:00,recoleta,432685930,24,alfajores,alfajor de chocolate,1,1810.0,490.0,0.0,transferencia,salon,5,1810.0,6,junio,1320.0
T1527,2024-12-15,20:17:00,belgrano,436774370,38,sandwiches,bagel de salmón ahumado,2,7620.0,3190.0,2970.0,transferencia,delivery,,15240.0,12,diciembre,8860.0
T1547,2024-02-10,07:08:00,recoleta,367344830,38,panes,pan de nuez y pasas,1,4180.0,1280.0,990.0,tarjeta de credito,salon,4,4180.0,2,febrero,2900.0
T1058,2024-06-27,13:21:00,recoleta,42485949,28,sandwiches,sandwich vegetariano,3,5570.0,2080.0,2390.0,efectivo,take away,4,16710.0,6,junio,10470.0
T1591,2024-11-12,20:31:00,palermo,319367900,49,tortas,torta red velvet,1,5550.0,1900.0,0.0,efectivo,take away,4,5550.0,11,noviembre,3650.0
T1252,2024-06-02,20:44:00,villa urquiza,305330980,45,sandwiches,sandwich vegetariano,1,7540.0,3110.0,540.0,transferencia,take away,4,7540.0,6,junio,4430.0
T1094,2024-10-19,17:12:00,recoleta,403006270,34,sandwiches,sandwich de pollo y palta,1,6170.0,2170.0,930.0,mercado pago,salon,,6170.0,10,octubre,4000.0
T1462,2024-06-14,09:01:00,palermo,354428620,38,sandwiches,club sandwich,2,4930.0,2090.0,2340.0,mercado pago,salon,,9860.0,6,junio,5680.0
T1329,2024-01-28,10:39:00,belgrano,296531090,35,alfajores,alfajor de maicena,2,2170.0,590.0,650.0,efectivo,salon,5,4340.0,1,enero,3160.0
T1607,2024-03-31,11:01:00,villa urquiza,420559180,42,bebidas,smoothie de frutos rojos,1,4480.0,990.0,900.0,transferencia,salon,5,4480.0,3,marzo,3490.0
T1034,2024-09-15,13:53:00,villa urquiza,349623770,38,panes,pan multicereal,1,3730.0,1030.0,560.0,tarjeta de debito,take away,5,3730.0,9,septiembre,2700.0
T1456,2024-10-25,17:41:00,caballito,228769120,36,panes,pan integral,3,4020.0,1260.0,2200.0,efectivo,salon,,12060.0,10,octubre,8280.0
T1297,2024-12-17,10:52:00,palermo,441865530,18,bebidas,jugo verde detox,1,3910.0,830.0,0.0,tarjeta de credito,take away,5,3910.0,12,diciembre,3080.0
T1506,2024-12-29,12:12:00,palermo,405837210,24,panes,pan de campo,2,2590.0,640.0,1110.0,tarjeta de credito,take away,4,5180.0,12,diciembre,3900.0
T1479,2024-04-15,21:23:00,belgrano,444393460,27,tortas,cheesecake de frutos rojos,1,4990.0,1580.0,500.0,tarjeta de credito,take away,5,4990.0,4,abril,3410.0
T1266,2024-10-07,08:19:00,belgrano,448782780,41,tortas,cheesecake de frutos rojos,1,5040.0,1540.0,570.0,tarjeta de credito,salon,,5040.0,10,octubre,3500.0
T1420,2024-01-09,14:22:00,recoleta,431878130,16,panes,pan multicereal,1,2450.0,510.0,670.0,tarjeta de credito,salon,4,2450.0,1,enero,1940.0
T1514,2024-01-07,16:45:00,palermo,398939690,50,panes,pan de campo,1,2320.0,590.0,1260.0,tarjeta de debito,delivery,3,2320.0,1,enero,1730.0
T1071,2024-08-13,07:37:00,recoleta,445739160,30,panes,pan de masa madre,1,2460.0,780.0,0.0,tarjeta de debito,salon,4,2460.0,8,agosto,1680.0
T1152,2024-09-04,17:31:00,palermo,202218730,41,sandwiches,club sandwich,1,7730.0,3290.0,2470.0,transferencia,take away,1,7730.0,9,septiembre,4440.0
T1033,2024-12-22,15:29:00,palermo,387034340,25,alfajores,alfajor triple,2,2850.0,890.0,0.0,tarjeta de debito,delivery,3,5700.0,12,diciembre,3920.0
T1294,2024-11-10,07:48:00,villa urquiza,214181150,30,cafe,latte de avena,2,3400.0,450.0,2030.0,mercado pago,salon,4,6800.0,11,noviembre,5900.0
T1319,2024-04-16,17:31:00,palermo,357054580,37,tortas,cheesecake de frutos rojos,1,4720.0,1710.0,1560.0,efectivo,salon,5,4720.0,4,abril,3010.0
T1367,2024-02-26,20:18:00,palermo,278933830,32,alfajores,alfajor de nuez,1,2220.0,700.0,220.0,mercado pago,take away,4,2220.0,2,febrero,1520.0
T1443,2024-05-22,17:35:00,belgrano,416189130,43,tortas,torta red velvet,2,4880.0,1990.0,0.0,efectivo,delivery,5,9760.0,5,mayo,5780.0
T1305,2024-09-25,17:40:00,villa urquiza,303905090,26,sandwiches,sandwich vegetariano,1,5860.0,1880.0,290.0,tarjeta de credito,salon,4,5860.0,9,septiembre,3980.0
T1465,2024-09-19,10:31:00,caballito,330221230,27,alfajores,alfajor triple,1,2480.0,730.0,0.0,mercado pago,salon,5,2480.0,9,septiembre,1750.0
T1156,2024-06-10,07:13:00,villa urquiza,248382650,24,alfajores,alfajor de chocolate,1,2670.0,690.0,0.0,mercado pago,delivery,4,2670.0,6,junio,1980.0
T1615,2024-04-02,17:27:00,belgrano,423899790,31,bebidas,limonada de jengibre,2,4340.0,1200.0,1610.0,tarjeta de credito,take away,4,8680.0,4,abril,6280.0
T1170,2024-07-06,12:12:00,sin dato,238236940,19,sandwiches,bagel de salmón ahumado,2,6540.0,2690.0,2530.0,tarjeta de credito,take away,5,13080.0,7,julio,7700.0
T1577,2024-11-26,18:27:00,sin dato,sin dato,29,cafe,espresso tonic,2,3870.0,510.0,0.0,tarjeta de debito,salon,3,7740.0,11,noviembre,6720.0
T1199,2024-12-17,11:52:00,villa urquiza,213532430,36,panes,pan multicereal,1,2990.0,710.0,300.0,tarjeta de debito,take away,4,2990.0,12,diciembre,2280.0
T1513,2024-11-12,19:26:00,belgrano,sin dato,38,cafe,espresso tonic,1,2950.0,550.0,380.0,transferencia,salon,4,2950.0,11,noviembre,2400.0
T1570,2024-09-12,17:29:00,belgrano,401818300,36,tortas,torta red velvet,2,5790.0,2070.0,0.0,tarjeta de credito,salon,5,11580.0,9,septiembre,7440.0
T1447,2024-12-19,21:50:00,belgrano,284886970,39,bebidas,limonada de jengibre,1,3910.0,810.0,2280.0,transferencia,salon,5,3910.0,12,diciembre,3100.0
T1088,2024-02-06,13:55:00,palermo,346371000,33,alfajores,alfajor de nuez,1,2580.0,670.0,390.0,efectivo,salon,3,2580.0,2,febrero,1910.0
T1024,2024-10-06,07:53:00,recoleta,395457770,33,tortas,torta red velvet,1,3980.0,1240.0,600.0,transferencia,salon,3,3980.0,10,octubre,2740.0
T1229,2024-09-16,11:54:00,belgrano,420658870,23,sandwiches,club sandwich,1,7020.0,2870.0,1400.0,transferencia,salon,3,7020.0,9,septiembre,4150.0
T1266,2024-10-07,08:19:00,belgrano,448782780,41,panes,pan de masa madre,1,2570.0,590.0,570.0,tarjeta de credito,salon,,2570.0,10,octubre,1980.0
T1369,2024-08-05,16:11:00,caballito,370931280,30,panes,pan integral,1,3410.0,1030.0,510.0,mercado pago,take away,5,3410.0,8,agosto,2380.0
T1196,2024-09-08,07:09:00,recoleta,231214560,23,bebidas,smoothie de frutos rojos,2,3780.0,850.0,1130.0,efectivo,delivery,,7560.0,9,septiembre,5860.0
T1057,2024-05-17,16:02:00,belgrano,357873870,24,cafe,cappuccino,1,3750.0,480.0,190.0,transferencia,take away,,3750.0,5,mayo,3270.0
T1244,2024-12-08,20:21:00,villa urquiza,sin dato,37,sandwiches,bagel de salmón ahumado,2,4990.0,2180.0,1500.0,transferencia,salon,5,9980.0,12,diciembre,5620.0
T1128,2024-02-01,18:08:00,villa urquiza,269572330,37,sandwiches,tostado jamón y queso,1,6020.0,2350.0,2010.0,transferencia,salon,5,6020.0,2,febrero,3670.0
T1612,2024-03-24,11:21:00,caballito,251846060,45,cafe,affogato,1,3420.0,490.0,0.0,tarjeta de debito,salon,5,3420.0,3,marzo,2930.0
T1566,2024-02-29,14:42:00,villa urquiza,280833160,16,sandwiches,bagel de salmón ahumado,1,7030.0,2490.0,0.0,tarjeta de debito,salon,5,7030.0,2,febrero,4540.0
T1311,2024-02-18,15:42:00,belgrano,358653920,16,bebidas,limonada de jengibre,1,4270.0,710.0,0.0,mercado pago,take away,4,4270.0,2,febrero,3560.0
T1436,2024-08-23,17:55:00,caballito,390605750,17,cafe,flat white,1,4280.0,680.0,830.0,transferencia,delivery,4,4280.0,8,agosto,3600.0
T1140,2024-01-30,15:29:00,recoleta,442692520,38,tortas,torta de chocolate,1,5770.0,1930.0,0.0,efectivo,salon,5,5770.0,1,enero,3840.0
T1306,2024-09-24,20:48:00,belgrano,315388630,39,panes,pan de campo,1,3300.0,1010.0,1390.0,tarjeta de credito,salon,1,3300.0,9,septiembre,2290.0
T1325,2024-10-16,09:20:00,villa urquiza,434132300,32,alfajores,alfajor triple,1,1890.0,620.0,630.0,tarjeta de debito,salon,5,1890.0,10,octubre,1270.0
T1316,2024-11-02,21:55:00,villa urquiza,253802320,32,cafe,latte de avena,2,3480.0,590.0,0.0,efectivo,salon,4,6960.0,11,noviembre,5780.0
T1530,2024-03-06,11:47:00,palermo,367705120,47,panes,pan de masa madre,3,4150.0,1110.0,730.0,tarjeta de credito,salon,4,12450.0,3,marzo,9120.0
T1005,2024-03-24,14:24:00,recoleta,414748280,47,tortas,cheesecake de frutos rojos,2,5390.0,1880.0,0.0,transferencia,salon,4,10780.0,3,marzo,7020.0
T1531,2024-11-04,21:38:00,villa urquiza,331159530,38,sandwiches,sandwich de pollo y palta,1,5070.0,1740.0,0.0,mercado pago,salon,4,5070.0,11,noviembre,3330.0
T1172,2024-11-26,21:11:00,villa urquiza,255990770,37,panes,pan integral,1,4130.0,1070.0,3290.0,mercado pago,salon,4,4130.0,11,noviembre,3060.0
T1339,2024-08-06,13:49:00,palermo,403987440,17,cafe,espresso tonic,1,3600.0,690.0,0.0,mercado pago,take away,4,3600.0,8,agosto,2910.0
T1574,2024-04-10,18:41:00,palermo,321542800,20,bebidas,smoothie de frutos rojos,3,4010.0,930.0,2950.0,transferencia,salon,5,12030.0,4,abril,9240.0
T1169,2024-11-10,21:12:00,caballito,398710400,47,bebidas,limonada de jengibre,2,3980.0,870.0,800.0,mercado pago,salon,5,7960.0,11,noviembre,6220.0
T1382,2024-04-01,14:04:00,caballito,267333380,20,cafe,affogato,1,3450.0,450.0,690.0,transferencia,salon,5,3450.0,4,abril,3000.0
T1237,2024-11-15,07:38:00,palermo,422120240,30,panes,pan de masa madre,1,3590.0,850.0,580.0,efectivo,take away,1,3590.0,11,noviembre,2740.0
T1247,2024-01-01,20:05:00,villa urquiza,407724130,47,alfajores,alfajor triple,1,2200.0,600.0,460.0,tarjeta de credito,take away,5,2200.0,1,enero,1600.0
T1147,2024-01-21,20:04:00,belgrano,39716036,37,alfajores,alfajor de chocolate,2,2410.0,690.0,1460.0,transferencia,salon,4,4820.0,1,enero,3440.0
T1376,2024-02-29,07:10:00,caballito,333796550,16,cafe,cold brew,2,3370.0,560.0,530.0,mercado pago,salon,5,6740.0,2,febrero,5620.0
T1017,2024-07-24,21:03:00,belgrano,327162270,25,alfajores,alfajor triple,3,2270.0,790.0,1600.0,efectivo,delivery,4,6810.0,7,julio,4440.0
T1300,2024-03-30,19:18:00,recoleta,309082190,27,bebidas,smoothie de frutos rojos,1,3720.0,750.0,730.0,transferencia,salon,5,3720.0,3,marzo,2970.0
T1444,2024-07-27,21:23:00,palermo,333175870,24,tortas,torta de limón y merengue,1,5030.0,1980.0,0.0,tarjeta de debito,salon,5,5030.0,7,julio,3050.0
T1295,2024-06-26,13:55:00,belgrano,353409530,41,tortas,cheesecake de frutos rojos,1,4370.0,1500.0,1070.0,efectivo,take away,5,4370.0,6,junio,2870.0
T1560,2024-02-02,12:01:00,villa urquiza,27877913,39,sandwiches,sandwich de pollo y palta,2,6700.0,2180.0,1340.0,mercado pago,salon,5,13400.0,2,febrero,9040.0
T1473,2024-05-28,07:31:00,caballito,363108410,32,alfajores,alfajor de chocolate,1,2590.0,760.0,2400.0,transferencia,take away,5,2590.0,5,mayo,1830.0
T1205,2024-05-01,16:20:00,recoleta,398495430,17,alfajores,alfajor triple,1,1990.0,510.0,1530.0,efectivo,take away,4,1990.0,5,mayo,1480.0
T1201,2024-11-26,08:37:00,villa urquiza,286845790,34,alfajores,alfajor de chocolate,2,1900.0,630.0,0.0,efectivo,salon,3,3800.0,11,noviembre,2540.0
T1243,2024-12-13,14:11:00,villa urquiza,327423210,33,alfajores,alfajor de maicena,1,1870.0,470.0,500.0,tarjeta de credito,take away,,1870.0,12,diciembre,1400.0
T1190,2024-07-09,09:47:00,recoleta,445932450,30,sandwiches,club sandwich,2,4710.0,1860.0,1400.0,efectivo,take away,2,9420.0,7,julio,5700.0
T1505,2024-11-03,12:24:00,belgrano,433884500,30,tortas,cheesecake de frutos rojos,2,5210.0,1990.0,1040.0,sin dato,salon,4,10420.0,11,noviembre,6440.0
T1281,2024-11-04,15:52:00,palermo,427686730,37,cafe,cappuccino,2,3140.0,620.0,630.0,mercado pago,salon,4,6280.0,11,noviembre,5040.0
T1304,2024-10-03,21:17:00,villa urquiza,349265190,22,cafe,cappuccino,1,3750.0,660.0,560.0,tarjeta de debito,delivery,5,3750.0,10,octubre,3090.0
T1496,2024-04-06,19:30:00,villa urquiza,206262620,26,alfajores,alfajor de maicena,1,2690.0,780.0,940.0,efectivo,take away,5,2690.0,4,abril,1910.0
T1571,2024-04-20,14:18:00,caballito,219734220,22,bebidas,agua saborizada,2,3510.0,940.0,760.0,tarjeta de credito,salon,5,7020.0,4,abril,5140.0
T1002,2024-12-25,15:26:00,belgrano,350729540,30,panes,pan integral,1,2880.0,910.0,770.0,transferencia,salon,,2880.0,12,diciembre,1970.0
T1557,2024-02-15,08:40:00,villa urquiza,315559050,38,bebidas,smoothie de frutos rojos,1,3010.0,640.0,0.0,tarjeta de debito,salon,4,3010.0,2,febrero,2370.0
T1009,2024-05-14,15:48:00,belgrano,370349700,34,cafe,cold brew,2,3030.0,530.0,980.0,efectivo,take away,4,6060.0,5,mayo,5000.0
T1351,2024-04-16,19:39:00,caballito,338929150,39,tortas,cheesecake de frutos rojos,1,5090.0,1570.0,2660.0,efectivo,salon,5,5090.0,4,abril,3520.0
T1399,2024-01-23,07:30:00,villa urquiza,211281180,26,tortas,carrot cake,1,4640.0,1810.0,1390.0,mercado pago,salon,5,4640.0,1,enero,2830.0
T1534,2024-11-05,16:19:00,villa urquiza,268106380,33,panes,pan integral,1,2330.0,690.0,350.0,transferencia,take away,5,2330.0,11,noviembre,1640.0
T1581,2024-11-14,13:04:00,villa urquiza,285552850,26,tortas,torta red velvet,3,5060.0,1600.0,760.0,tarjeta de credito,salon,,15180.0,11,noviembre,10380.0
T1146,2024-07-17,10:16:00,belgrano,310817870,30,bebidas,té helado de durazno,1,3090.0,710.0,620.0,efectivo,delivery,5,3090.0,7,julio,2380.0
T1188,2024-11-28,17:41:00,palermo,304075610,32,tortas,carrot cake,1,3770.0,1160.0,570.0,mercado pago,take away,5,3770.0,11,noviembre,2610.0
T1063,2024-10-05,13:29:00,recoleta,263301230,30,tortas,torta red velvet,2,5210.0,2070.0,1280.0,tarjeta de debito,take away,4,10420.0,10,octubre,6280.0
T1391,2024-10-24,07:08:00,palermo,412129310,44,cafe,latte de avena,2,3420.0,670.0,1040.0,transferencia,salon,4,6840.0,10,octubre,5500.0
T1259,2024-04-19,17:21:00,recoleta,321063660,16,cafe,affogato,1,3930.0,520.0,920.0,tarjeta de credito,salon,5,3930.0,4,abril,3410.0
T1373,2024-02-01,17:30:00,villa urquiza,256733570,19,cafe,flat white,1,3230.0,550.0,1230.0,transferencia,salon,,3230.0,2,febrero,2680.0
T1296,2024-11-09,12:23:00,belgrano,367359440,51,alfajores,alfajor triple,1,2300.0,800.0,460.0,mercado pago,salon,5,2300.0,11,noviembre,1500.0
T1582,2024-04-14,08:40:00,recoleta,412439760,37,alfajores,alfajor de nuez,1,1830.0,470.0,0.0,tarjeta de debito,take away,5,1830.0,4,abril,1360.0
T1100,2024-04-12,19:38:00,belgrano,283887150,39,tortas,torta de limón y merengue,1,5460.0,2140.0,1940.0,efectivo,take away,,5460.0,4,abril,3320.0
T1487,2024-11-17,17:34:00,villa urquiza,278462970,20,cafe,mocha,1,3010.0,580.0,1540.0,tarjeta de credito,salon,5,3010.0,11,noviembre,2430.0
T1408,2024-03-23,18:34:00,recoleta,261163180,19,panes,pan de masa madre,1,2680.0,640.0,810.0,tarjeta de debito,take away,5,2680.0,3,marzo,2040.0
T1553,2024-03-10,18:30:00,belgrano,251916910,19,bebidas,smoothie de frutos rojos,1,3650.0,1020.0,1420.0,tarjeta de debito,salon,,3650.0,3,marzo,2630.0
T1424,2024-05-24,09:57:00,villa urquiza,201452540,24,cafe,cold brew,2,3410.0,520.0,5130.0,efectivo,delivery,,6820.0,5,mayo,5780.0
T1118,2024-10-30,16:09:00,belgrano,421034070,16,bebidas,jugo verde detox,1,3450.0,770.0,370.0,transferencia,take away,5,3450.0,10,octubre,2680.0
T1023,2024-01-27,08:40:00,caballito,292838470,18,tortas,torta de chocolate,2,3670.0,1500.0,2860.0,efectivo,salon,5,7340.0,1,enero,4340.0
T1019,2024-10-18,10:37:00,villa urquiza,213335080,31,sandwiches,sandwich vegetariano,2,5170.0,1810.0,0.0,transferencia,salon,5,10340.0,10,octubre,6720.0
T1496,2024-04-06,19:30:00,villa urquiza,206262620,26,sandwiches,tostado jamón y queso,2,5310.0,2310.0,940.0,efectivo,take away,5,10620.0,4,abril,6000.0
T1004,2024-10-22,10:45:00,palermo,215376110,29,sandwiches,sandwich vegetariano,1,5190.0,2290.0,2010.0,tarjeta de debito,take away,,5190.0,10,octubre,2900.0
T1368,2024-08-31,09:12:00,villa urquiza,329048680,42,bebidas,té helado de durazno,1,3230.0,490.0,2340.0,tarjeta de credito,take away,4,3230.0,8,agosto,2740.0
T1202,2024-06-30,10:58:00,belgrano,292268570,26,alfajores,alfajor de maicena,1,1900.0,550.0,850.0,tarjeta de credito,salon,3,1900.0,6,junio,1350.0
T1283,2024-01-03,18:47:00,palermo,393940300,30,cafe,latte de avena,1,3190.0,560.0,690.0,transferencia,salon,1,3190.0,1,enero,2630.0
T1334,2024-11-09,20:40:00,belgrano,340033830,21,cafe,latte de avena,1,3470.0,640.0,170.0,tarjeta de debito,take away,4,3470.0,11,noviembre,2830.0
T1037,2024-09-01,07:22:00,recoleta,330857800,23,panes,pan integral,1,2640.0,540.0,2460.0,mercado pago,salon,5,2640.0,9,septiembre,2100.0
T1105,2024-07-17,12:16:00,palermo,319820820,31,sandwiches,tostado jamón y queso,1,7240.0,3240.0,1680.0,sin dato,salon,5,7240.0,7,julio,4000.0
T1100,2024-04-12,19:38:00,belgrano,283887150,39,sandwiches,bagel de salmón ahumado,1,7490.0,2820.0,1940.0,efectivo,take away,,7490.0,4,abril,4670.0
T1567,2024-08-31,21:42:00,palermo,423296810,27,bebidas,smoothie de frutos rojos,3,4480.0,1120.0,1340.0,tarjeta de debito,delivery,5,13440.0,8,agosto,10080.0
T1259,2024-04-19,17:21:00,recoleta,321063660,16,sandwiches,bagel de salmón ahumado,1,5290.0,2320.0,920.0,tarjeta de credito,salon,5,5290.0,4,abril,2970.0
T1286,2024-11-21,07:51:00,palermo,248764130,17,panes,pan multicereal,1,2360.0,580.0,120.0,mercado pago,delivery,4,2360.0,11,noviembre,1780.0
T1612,2024-03-24,11:21:00,caballito,251846060,45,tortas,torta de chocolate,1,5400.0,1810.0,0.0,tarjeta de debito,salon,5,5400.0,3,marzo,3590.0
T1251,2024-08-02,16:58:00,belgrano,291803540,38,panes,pan de masa madre,2,3030.0,880.0,910.0,mercado pago,delivery,,6060.0,8,agosto,4300.0
T1597,2024-04-11,14:45:00,palermo,435265200,49,panes,pan de masa madre,1,3050.0,640.0,540.0,transferencia,take away,4,3050.0,4,abril,2410.0
T1023,2024-01-27,08:40:00,caballito,292838470,18,sandwiches,tostado jamón y queso,1,6950.0,2610.0,2860.0,efectivo,salon,5,6950.0,1,enero,4340.0
T1395,2024-05-01,18:26:00,belgrano,326007750,41,alfajores,alfajor de chocolate,1,2040.0,550.0,0.0,tarjeta de debito,salon,5,2040.0,5,mayo,1490.0
T1575,2024-07-25,10:02:00,palermo,280817660,29,bebidas,agua saborizada,3,4320.0,1020.0,1100.0,mercado pago,salon,5,12960.0,7,julio,9900.0
T1091,2024-04-30,08:09:00,recoleta,266193430,37,panes,pan integral,1,3130.0,840.0,2310.0,tarjeta de debito,take away,5,3130.0,4,abril,2290.0
T1460,2024-09-10,07:28:00,recoleta,437910700,42,panes,pan de campo,1,2900.0,680.0,1350.0,sin dato,salon,5,2900.0,9,septiembre,2220.0
T1268,2024-06-17,16:42:00,recoleta,432685930,24,bebidas,agua saborizada,1,3470.0,830.0,0.0,transferencia,salon,5,3470.0,6,junio,2640.0
T1273,2024-09-22,21:50:00,recoleta,330222430,25,bebidas,smoothie de frutos rojos,3,3180.0,740.0,1430.0,mercado pago,delivery,,9540.0,9,septiembre,7320.0
T1330,2024-10-06,15:48:00,recoleta,384146740,27,sandwiches,tostado jamón y queso,1,4700.0,1930.0,1200.0,mercado pago,take away,,4700.0,10,octubre,2770.0
T1167,2024-06-24,14:50:00,belgrano,374857120,32,alfajores,alfajor triple,1,1870.0,600.0,1370.0,mercado pago,salon,3,1870.0,6,junio,1270.0
T1333,2024-09-13,11:51:00,palermo,409981070,16,tortas,torta de limón y merengue,1,5680.0,1940.0,760.0,tarjeta de credito,take away,,5680.0,9,septiembre,3740.0
T1412,2024-12-09,08:32:00,caballito,265246600,38,alfajores,alfajor triple,1,1810.0,510.0,1320.0,mercado pago,salon,5,1810.0,12,diciembre,1300.0
T1533,2024-09-22,07:10:00,recoleta,337862150,27,panes,pan multicereal,2,3060.0,790.0,530.0,mercado pago,salon,3,6120.0,9,septiembre,4540.0
T1429,2024-05-19,19:50:00,caballito,319486420,34,bebidas,limonada de jengibre,1,4410.0,680.0,1360.0,mercado pago,take away,,4410.0,5,mayo,3730.0
T1205,2024-05-01,16:20:00,recoleta,398495430,17,panes,pan de nuez y pasas,2,4100.0,1220.0,1530.0,efectivo,take away,4,8200.0,5,mayo,5760.0
T1139,2024-10-07,21:32:00,belgrano,392166790,24,alfajores,alfajor de maicena,1,2300.0,680.0,740.0,transferencia,salon,4,2300.0,10,octubre,1620.0
T1316,2024-11-02,21:55:00,villa urquiza,253802320,32,bebidas,té helado de durazno,1,4500.0,890.0,0.0,efectivo,salon,4,4500.0,11,noviembre,3610.0
T1203,2024-11-25,21:51:00,villa urquiza,283600110,27,sandwiches,bagel de salmón ahumado,1,6300.0,2760.0,0.0,transferencia,take away,,6300.0,11,noviembre,3540.0
T1530,2024-03-06,11:47:00,palermo,sin dato,47,alfajores,alfajor triple,1,2160.0,710.0,730.0,tarjeta de credito,salon,4,2160.0,3,marzo,1450.0
T1126,2024-02-26,13:37:00,recoleta,443378410,42,cafe,mocha,2,3880.0,610.0,540.0,efectivo,take away,4,7760.0,2,febrero,6540.0
T1568,2024-11-03,08:41:00,recoleta,326503670,16,tortas,torta red velvet,3,5200.0,2020.0,1320.0,mercado pago,take away,5,15600.0,11,noviembre,9540.0
T1027,2024-10-01,12:01:00,palermo,287649270,30,cafe,cappuccino,2,3320.0,540.0,660.0,tarjeta de debito,take away,,6640.0,10,octubre,5560.0
T1508,2024-05-20,10:54:00,palermo,432527450,49,tortas,carrot cake,3,4970.0,1520.0,1290.0,transferencia,take away,5,14910.0,5,mayo,10350.0
T1363,2024-09-29,14:25:00,villa urquiza,338728080,47,tortas,torta de limón y merengue,1,5420.0,2010.0,2430.0,tarjeta de debito,take away,5,5420.0,9,septiembre,3410.0
T1207,2024-09-26,20:23:00,palermo,325356260,24,panes,pan integral,3,3780.0,1050.0,1700.0,mercado pago,take away,4,11340.0,9,septiembre,8190.0
T1054,2024-02-06,17:14:00,recoleta,409734660,35,cafe,cold brew,2,3770.0,760.0,380.0,transferencia,take away,,7540.0,2,febrero,6020.0
T1261,2024-09-06,07:18:00,belgrano,307479120,16,panes,pan integral,1,3870.0,1160.0,1900.0,transferencia,salon,3,3870.0,9,septiembre,2710.0
T1499,2024-05-02,19:38:00,villa urquiza,279353250,47,tortas,carrot cake,2,4960.0,1500.0,0.0,mercado pago,salon,5,9920.0,5,mayo,6920.0
T1387,2024-10-30,10:31:00,caballito,221136810,31,alfajores,alfajor de chocolate,1,2620.0,670.0,1200.0,transferencia,take away,5,2620.0,10,octubre,1950.0
T1050,2024-05-20,07:03:00,villa urquiza,298024790,35,tortas,torta de limón y merengue,1,4150.0,1410.0,620.0,tarjeta de debito,take away,5,4150.0,5,mayo,2740.0
T1544,2024-03-29,07:25:00,recoleta,204020280,39,sandwiches,club sandwich,3,6150.0,2540.0,3630.0,mercado pago,salon,4,18450.0,3,marzo,10830.0
T1356,2024-09-21,17:08:00,belgrano,443125560,46,tortas,torta red velvet,1,5640.0,2090.0,2040.0,efectivo,salon,5,5640.0,9,septiembre,3550.0
T1544,2024-03-29,07:25:00,recoleta,204020280,39,sandwiches,club sandwich,1,5720.0,1990.0,3630.0,mercado pago,salon,4,5720.0,3,marzo,3730.0
T1405,2024-11-17,07:18:00,caballito,428976570,37,bebidas,limonada de jengibre,1,3500.0,920.0,0.0,transferencia,delivery,5,3500.0,11,noviembre,2580.0
T1307,2024-07-12,10:16:00,palermo,341680020,32,alfajores,alfajor de chocolate,1,2740.0,760.0,970.0,tarjeta de debito,salon,5,2740.0,7,julio,1980.0
T1445,2024-06-09,12:53:00,sin dato,447375470,31,panes,pan de masa madre,1,2410.0,560.0,1300.0,mercado pago,take away,5,2410.0,6,junio,1850.0
T1070,2024-01-26,21:38:00,caballito,296030820,56,cafe,latte de avena,2,3820.0,710.0,580.0,tarjeta de debito,take away,4,7640.0,1,enero,6220.0
T1228,2024-01-14,17:31:00,recoleta,287049010,50,cafe,affogato,2,3080.0,440.0,2120.0,mercado pago,salon,5,6160.0,1,enero,5280.0
T1397,2024-08-22,13:10:00,recoleta,273770610,39,cafe,cold brew,1,3670.0,520.0,0.0,tarjeta de credito,take away,5,3670.0,8,agosto,3150.0
T1084,2024-01-14,16:59:00,recoleta,sin dato,28,sandwiches,sandwich de pollo y palta,1,5100.0,2070.0,3610.0,tarjeta de debito,salon,5,5100.0,1,enero,3030.0
T1502,2024-06-02,08:25:00,palermo,246858850,28,cafe,affogato,1,3280.0,510.0,660.0,transferencia,delivery,,3280.0,6,junio,2770.0
T1456,2024-10-25,17:41:00,caballito,228769120,36,alfajores,alfajor de chocolate,2,2580.0,830.0,2200.0,efectivo,salon,,5160.0,10,octubre,3500.0
T1038,2024-11-14,15:01:00,caballito,398606250,28,alfajores,alfajor de chocolate,1,1860.0,500.0,190.0,transferencia,take away,3,1860.0,11,noviembre,1360.0
T1267,2024-05-08,08:12:00,villa urquiza,363473970,26,sandwiches,club sandwich,1,4730.0,1810.0,240.0,tarjeta de credito,salon,5,4730.0,5,mayo,2920.0
T1406,2024-04-28,20:33:00,recoleta,338140820,28,cafe,mocha,2,3850.0,630.0,0.0,transferencia,salon,5,7700.0,4,abril,6440.0
T1084,2024-01-14,16:59:00,recoleta,209715070,28,cafe,cold brew,1,3360.0,460.0,3610.0,tarjeta de debito,salon,5,3360.0,1,enero,2900.0
T1013,2024-12-28,17:03:00,belgrano,222615790,46,bebidas,agua saborizada,1,3360.0,910.0,170.0,efectivo,take away,3,3360.0,12,diciembre,2450.0
T1137,2024-07-26,17:32:00,recoleta,431623010,27,panes,pan de masa madre,1,4110.0,1050.0,0.0,efectivo,take away,,4110.0,7,julio,3060.0
T1498,2024-06-06,13:43:00,belgrano,219768160,38,sandwiches,bagel de salmón ahumado,1,4830.0,2110.0,2000.0,transferencia,delivery,4,4830.0,6,junio,2720.0
T1355,2024-02-17,14:32:00,palermo,361954890,16,cafe,latte de avena,1,3960.0,820.0,400.0,transferencia,salon,4,3960.0,2,febrero,3140.0
T1418,2024-12-16,18:44:00,recoleta,232156350,33,cafe,latte de avena,1,3360.0,520.0,0.0,transferencia,take away,5,3360.0,12,diciembre,2840.0
T1164,2024-08-04,19:24:00,palermo,sin dato,17,cafe,espresso tonic,1,3760.0,740.0,1740.0,transferencia,salon,4,3760.0,8,agosto,3020.0
T1214,2024-11-22,11:05:00,caballito,238758360,23,alfajores,alfajor triple,1,2010.0,590.0,1590.0,tarjeta de credito,take away,5,2010.0,11,noviembre,1420.0
T1513,2024-11-12,19:26:00,belgrano,401184270,38,tortas,carrot cake,1,4690.0,1470.0,380.0,transferencia,salon,4,4690.0,11,noviembre,3220.0
T1572,2024-03-22,07:35:00,caballito,313216050,31,alfajores,alfajor de maicena,1,2380.0,760.0,1070.0,mercado pago,take away,,2380.0,3,marzo,1620.0
T1209,2024-10-20,13:54:00,villa urquiza,210865840,40,panes,pan de nuez y pasas,1,2410.0,580.0,0.0,tarjeta de debito,take away,,2410.0,10,octubre,1830.0
T1332,2024-12-30,07:02:00,belgrano,377642310,28,sandwiches,sandwich vegetariano,1,5670.0,2550.0,850.0,tarjeta de credito,salon,4,5670.0,12,diciembre,3120.0
T1170,2024-07-06,12:12:00,caballito,238236940,19,sandwiches,club sandwich,1,5780.0,1940.0,2530.0,tarjeta de credito,take away,5,5780.0,7,julio,3840.0
T1457,2024-11-02,18:47:00,sin dato,201798840,36,panes,pan multicereal,1,2540.0,610.0,640.0,tarjeta de credito,salon,4,2540.0,11,noviembre,1930.0
T1265,2024-09-30,10:08:00,caballito,383114740,31,panes,pan de campo,1,2280.0,560.0,1040.0,tarjeta de credito,delivery,3,2280.0,9,septiembre,1720.0
T1484,2024-06-25,21:51:00,caballito,266201460,34,bebidas,té helado de durazno,1,3880.0,690.0,580.0,tarjeta de credito,salon,5,3880.0,6,junio,3190.0
T1068,2024-05-27,17:34:00,belgrano,224783940,31,alfajores,alfajor triple,1,2300.0,800.0,0.0,mercado pago,delivery,,2300.0,5,mayo,1500.0
T1498,2024-06-06,13:43:00,belgrano,219768160,38,sandwiches,bagel de salmón ahumado,2,7610.0,2490.0,2000.0,transferencia,delivery,4,15220.0,6,junio,10240.0
T1317,2024-11-13,10:20:00,palermo,420885270,42,cafe,cold brew,1,3720.0,680.0,420.0,transferencia,take away,4,3720.0,11,noviembre,3040.0
T1003,2024-11-05,11:51:00,palermo,444857350,29,cafe,latte de avena,1,4040.0,830.0,0.0,mercado pago,salon,,4040.0,11,noviembre,3210.0
T1314,2024-01-31,07:22:00,belgrano,435326670,16,cafe,affogato,1,3770.0,790.0,380.0,transferencia,take away,3,3770.0,1,enero,2980.0
T1160,2024-07-30,13:49:00,palermo,443217230,21,panes,pan integral,1,2540.0,590.0,510.0,transferencia,delivery,,2540.0,7,julio,1950.0
T1476,2024-03-07,09:12:00,belgrano,403255630,46,sandwiches,sandwich vegetariano,1,6730.0,2910.0,1590.0,mercado pago,salon,4,6730.0,3,marzo,3820.0
T1490,2024-12-30,14:08:00,villa urquiza,377550290,36,panes,pan de nuez y pasas,3,2940.0,800.0,880.0,efectivo,take away,5,8820.0,12,diciembre,6420.0
T1547,2024-02-10,07:08:00,recoleta,367344830,38,panes,pan multicereal,2,2840.0,580.0,990.0,tarjeta de credito,salon,4,5680.0,2,febrero,4520.0
T1196,2024-09-08,07:09:00,recoleta,231214560,23,cafe,cold brew,1,3760.0,670.0,1130.0,efectivo,delivery,,3760.0,9,septiembre,3090.0
T1187,2024-12-30,15:49:00,caballito,342128260,45,sandwiches,sandwich de pollo y palta,1,5520.0,1910.0,420.0,mercado pago,salon,5,5520.0,12,diciembre,3610.0
T1144,2024-10-21,12:36:00,villa urquiza,425664250,33,alfajores,alfajor de maicena,3,2870.0,910.0,810.0,tarjeta de credito,salon,,8610.0,10,octubre,5880.0
T1341,2024-02-16,18:32:00,palermo,260321260,38,alfajores,alfajor triple,1,2300.0,710.0,340.0,transferencia,delivery,5,2300.0,2,febrero,1590.0
T1008,2024-01-06,17:46:00,palermo,428744040,37,sandwiches,bagel de salmón ahumado,1,5020.0,2080.0,250.0,transferencia,take away,5,5020.0,1,enero,2940.0
T1527,2024-12-15,20:17:00,belgrano,436774370,38,bebidas,jugo verde detox,1,4550.0,860.0,2970.0,transferencia,delivery,,4550.0,12,diciembre,3690.0
T1042,2024-07-11,13:45:00,belgrano,225500180,45,sandwiches,club sandwich,2,7160.0,2820.0,1430.0,transferencia,take away,5,14320.0,7,julio,8680.0
T1190,2024-07-09,09:47:00,recoleta,445932450,30,tortas,carrot cake,1,4550.0,1640.0,1400.0,efectivo,take away,2,4550.0,7,julio,2910.0
T1065,2024-12-11,20:34:00,caballito,306253850,34,bebidas,smoothie de frutos rojos,2,4700.0,970.0,1880.0,mercado pago,take away,2,9400.0,12,diciembre,7460.0
T1421,2024-12-19,19:50:00,palermo,226083630,33,tortas,torta de chocolate,1,5320.0,1630.0,1060.0,efectivo,take away,5,5320.0,12,diciembre,3690.0
T1579,2024-02-14,15:16:00,palermo,228390510,21,sandwiches,club sandwich,1,5970.0,2450.0,800.0,efectivo,salon,4,5970.0,2,febrero,3520.0
T1142,2024-10-02,13:33:00,belgrano,444228660,25,alfajores,alfajor de nuez,2,2390.0,660.0,2640.0,tarjeta de debito,take away,5,4780.0,10,octubre,3460.0
T1552,2024-09-03,07:48:00,caballito,343410730,35,panes,pan de nuez y pasas,1,3650.0,930.0,0.0,efectivo,take away,,3650.0,9,septiembre,2720.0
T1464,2024-01-11,20:13:00,belgrano,330359940,26,tortas,torta red velvet,1,4630.0,1840.0,960.0,mercado pago,salon,5,4630.0,1,enero,2790.0
T1099,2024-08-15,16:18:00,caballito,278518350,22,sandwiches,bagel de salmón ahumado,1,6160.0,2100.0,490.0,transferencia,salon,,6160.0,8,agosto,4060.0
T1293,2024-06-30,10:57:00,villa urquiza,290286850,21,alfajores,alfajor de chocolate,1,2060.0,570.0,770.0,tarjeta de debito,delivery,5,2060.0,6,junio,1490.0
T1236,2024-04-26,10:46:00,belgrano,270863680,45,bebidas,limonada de jengibre,1,3640.0,910.0,550.0,efectivo,take away,4,3640.0,4,abril,2730.0
T1391,2024-10-24,07:08:00,palermo,412129310,44,tortas,torta de chocolate,3,3520.0,1350.0,1040.0,transferencia,salon,4,10560.0,10,octubre,6510.0
T1335,2024-10-24,15:43:00,belgrano,246341900,32,tortas,torta de limón y merengue,2,4730.0,1520.0,970.0,tarjeta de credito,take away,,9460.0,10,octubre,6420.0
T1039,2024-06-16,12:48:00,caballito,293367420,27,cafe,flat white,1,4300.0,800.0,220.0,mercado pago,salon,3,4300.0,6,junio,3500.0
T1357,2024-12-03,18:19:00,palermo,393796920,34,sandwiches,sandwich vegetariano,2,6260.0,2550.0,1250.0,tarjeta de credito,take away,4,12520.0,12,diciembre,7420.0
T1338,2024-05-18,13:14:00,belgrano,26863965,16,cafe,cappuccino,2,3830.0,800.0,770.0,efectivo,salon,,7660.0,5,mayo,6060.0
T1555,2024-05-04,14:02:00,recoleta,411712590,35,alfajores,alfajor de chocolate,1,2080.0,720.0,310.0,efectivo,take away,5,2080.0,5,mayo,1360.0
T1107,2024-07-01,20:49:00,palermo,420026930,32,alfajores,alfajor de nuez,1,2780.0,970.0,280.0,tarjeta de credito,salon,5,2780.0,7,julio,1810.0
T1155,2024-09-27,21:02:00,belgrano,270939790,44,sandwiches,club sandwich,1,6360.0,2800.0,0.0,transferencia,salon,2,6360.0,9,septiembre,3560.0
T1543,2024-02-19,19:53:00,belgrano,442937940,21,alfajores,alfajor de nuez,1,1930.0,550.0,0.0,sin dato,salon,5,1930.0,2,febrero,1380.0
T1412,2024-12-09,08:32:00,caballito,265246600,38,alfajores,alfajor de maicena,2,2040.0,660.0,1320.0,mercado pago,salon,5,4080.0,12,diciembre,2760.0
T1106,2024-09-02,17:11:00,belgrano,sin dato,35,cafe,cappuccino,2,3180.0,440.0,1200.0,sin dato,salon,4,6360.0,9,septiembre,5480.0
T1608,2024-08-14,10:20:00,recoleta,268423730,31,alfajores,alfajor de chocolate,1,2600.0,690.0,260.0,transferencia,take away,,2600.0,8,agosto,1910.0
T1144,2024-10-21,12:36:00,villa urquiza,425664250,33,cafe,cold brew,1,3420.0,600.0,810.0,tarjeta de credito,salon,,3420.0,10,octubre,2820.0
T1419,2024-03-24,08:13:00,belgrano,368907270,35,bebidas,jugo verde detox,2,4440.0,1070.0,1340.0,tarjeta de debito,take away,5,8880.0,3,marzo,6740.0
T1173,2024-12-16,14:26:00,caballito,363980340,34,sandwiches,sandwich de pollo y palta,1,5410.0,1850.0,0.0,tarjeta de debito,salon,2,5410.0,12,diciembre,3560.0
T1482,2024-01-06,18:51:00,villa urquiza,223347570,24,alfajores,alfajor de maicena,1,2230.0,760.0,0.0,efectivo,salon,4,2230.0,1,enero,1470.0
T1526,2024-09-19,15:41:00,palermo,292752820,32,panes,pan multicereal,1,2590.0,610.0,130.0,tarjeta de debito,salon,3,2590.0,9,septiembre,1980.0
T1324,2024-02-18,16:41:00,recoleta,212539820,25,bebidas,agua saborizada,1,3090.0,590.0,1050.0,transferencia,salon,5,3090.0,2,febrero,2500.0
T1346,2024-01-26,09:09:00,palermo,419203340,27,panes,pan de masa madre,1,3540.0,1000.0,1030.0,tarjeta de credito,salon,,3540.0,1,enero,2540.0
T1578,2024-04-16,17:57:00,palermo,260620830,25,sandwiches,sandwich de pollo y palta,1,4630.0,1870.0,0.0,transferencia,take away,1,4630.0,4,abril,2760.0
T1071,2024-08-13,07:37:00,recoleta,445739160,30,cafe,espresso tonic,2,4170.0,610.0,0.0,tarjeta de debito,salon,4,8340.0,8,agosto,7120.0
T1313,2024-03-02,13:50:00,belgrano,202996360,38,panes,pan multicereal,1,3740.0,970.0,720.0,efectivo,take away,5,3740.0,3,marzo,2770.0
T1223,2024-07-07,20:29:00,villa urquiza,333191720,53,alfajores,alfajor de chocolate,1,2860.0,870.0,140.0,efectivo,take away,4,2860.0,7,julio,1990.0
T1125,2024-09-20,09:20:00,villa urquiza,306880940,42,cafe,latte de avena,1,3560.0,600.0,710.0,tarjeta de debito,salon,5,3560.0,9,septiembre,2960.0
T1327,2024-08-08,12:43:00,villa urquiza,230062970,35,sandwiches,sandwich vegetariano,1,6460.0,2320.0,320.0,efectivo,take away,4,6460.0,8,agosto,4140.0
T1371,2024-03-13,18:46:00,villa urquiza,sin dato,21,panes,pan integral,1,3460.0,970.0,780.0,mercado pago,salon,5,3460.0,3,marzo,2490.0
T1394,2024-08-20,07:06:00,palermo,380308310,24,panes,pan multicereal,1,2660.0,600.0,780.0,tarjeta de debito,salon,2,2660.0,8,agosto,2060.0
T1302,2024-08-30,15:03:00,palermo,333215290,23,panes,pan de campo,2,3510.0,830.0,1400.0,transferencia,take away,3,7020.0,8,agosto,5360.0
T1238,2024-12-04,08:42:00,villa urquiza,290589290,44,tortas,torta de limón y merengue,1,5150.0,1620.0,460.0,transferencia,take away,3,5150.0,12,diciembre,3530.0
T1617,2024-09-03,18:26:00,villa urquiza,413608910,39,alfajores,alfajor de nuez,1,2400.0,720.0,1350.0,tarjeta de credito,salon,,2400.0,9,septiembre,1680.0
T1572,2024-03-22,07:35:00,caballito,313216050,31,panes,pan de nuez y pasas,1,2990.0,870.0,1070.0,mercado pago,take away,,2990.0,3,marzo,2120.0
T1093,2024-01-30,12:53:00,recoleta,225746650,25,cafe,affogato,1,3910.0,820.0,200.0,efectivo,take away,5,3910.0,1,enero,3090.0
T1185,2024-07-16,08:15:00,caballito,414104900,40,sandwiches,sandwich vegetariano,2,4940.0,1950.0,0.0,transferencia,salon,,9880.0,7,julio,5980.0
T1599,2024-06-12,21:03:00,belgrano,213720110,32,alfajores,alfajor triple,1,2800.0,750.0,140.0,efectivo,salon,5,2800.0,6,junio,2050.0
T1500,2024-03-05,11:36:00,caballito,349646810,49,panes,pan multicereal,1,3280.0,750.0,1050.0,efectivo,take away,5,3280.0,3,marzo,2530.0
T1026,2024-07-29,19:42:00,belgrano,289525140,33,alfajores,alfajor de chocolate,2,2020.0,580.0,530.0,tarjeta de debito,take away,3,4040.0,7,julio,2880.0
T1091,2024-04-30,08:09:00,recoleta,266193430,37,bebidas,jugo verde detox,3,4090.0,790.0,2310.0,tarjeta de debito,take away,5,12270.0,4,abril,9900.0
T1112,2024-10-14,08:16:00,recoleta,436235880,36,bebidas,agua saborizada,2,4700.0,1300.0,2650.0,mercado pago,salon,5,9400.0,10,octubre,6800.0
T1619,2024-03-12,11:29:00,belgrano,385052820,28,panes,pan de campo,2,4120.0,1010.0,1650.0,mercado pago,salon,5,8240.0,3,marzo,6220.0
T1483,2024-12-04,21:33:00,recoleta,340695510,31,bebidas,smoothie de frutos rojos,1,4550.0,850.0,1640.0,mercado pago,take away,5,4550.0,12,diciembre,3700.0
T1603,2024-07-22,14:43:00,villa urquiza,372297870,27,alfajores,alfajor de nuez,1,2470.0,620.0,120.0,efectivo,salon,5,2470.0,7,julio,1850.0
T1383,2024-08-14,18:16:00,palermo,211697370,57,bebidas,agua saborizada,2,3450.0,920.0,0.0,efectivo,salon,5,6900.0,8,agosto,5060.0
T1414,2024-02-15,07:26:00,recoleta,339087820,48,panes,pan de masa madre,1,2570.0,680.0,1600.0,tarjeta de debito,take away,5,2570.0,2,febrero,1890.0
T1043,2024-01-22,12:34:00,caballito,421969720,35,alfajores,alfajor de nuez,3,1920.0,600.0,860.0,tarjeta de credito,salon,5,5760.0,1,enero,3960.0
T1445,2024-06-09,12:53:00,villa urquiza,447375470,31,bebidas,limonada de jengibre,1,3540.0,850.0,1300.0,mercado pago,take away,5,3540.0,6,junio,2690.0
T1176,2024-01-31,16:22:00,villa urquiza,294316480,40,sandwiches,club sandwich,2,5380.0,2410.0,2580.0,transferencia,salon,4,10760.0,1,enero,5940.0
T1361,2024-10-17,09:05:00,caballito,232636040,24,alfajores,alfajor de chocolate,1,2840.0,960.0,860.0,mercado pago,salon,5,2840.0,10,octubre,1880.0
T1177,2024-01-31,11:55:00,belgrano,435359680,40,alfajores,alfajor de nuez,1,2300.0,780.0,920.0,tarjeta de debito,salon,5,2300.0,1,enero,1520.0
T1422,2024-03-01,21:16:00,palermo,222228920,30,cafe,cold brew,1,3680.0,690.0,1130.0,tarjeta de credito,take away,5,3680.0,3,marzo,2990.0
T1147,2024-01-21,20:04:00,belgrano,397160360,37,sandwiches,sandwich de pollo y palta,1,5200.0,2170.0,1460.0,transferencia,salon,4,5200.0,1,enero,3030.0
T1587,2024-04-27,11:40:00,palermo,302562980,40,tortas,cheesecake de frutos rojos,1,5670.0,1740.0,480.0,mercado pago,take away,5,5670.0,4,abril,3930.0
T1583,2024-03-04,15:07:00,villa urquiza,336493140,45,sandwiches,tostado jamón y queso,1,7370.0,2370.0,0.0,efectivo,salon,3,7370.0,3,marzo,5000.0
T1446,2024-05-22,21:50:00,belgrano,321801920,49,cafe,flat white,1,4060.0,870.0,410.0,mercado pago,take away,5,4060.0,5,mayo,3190.0
T1411,2024-08-16,12:05:00,recoleta,218466220,16,sandwiches,tostado jamón y queso,1,4570.0,1730.0,460.0,transferencia,take away,5,4570.0,8,agosto,2840.0
T1492,2024-10-28,13:03:00,recoleta,295120870,26,cafe,latte de avena,1,2900.0,490.0,140.0,tarjeta de debito,salon,5,2900.0,10,octubre,2410.0
T1156,2024-06-10,07:13:00,villa urquiza,248382650,24,cafe,affogato,1,4070.0,710.0,0.0,mercado pago,delivery,4,4070.0,6,junio,3360.0
T1031,2024-08-26,14:28:00,belgrano,371521530,35,bebidas,limonada de jengibre,1,3480.0,800.0,0.0,mercado pago,take away,,3480.0,8,agosto,2680.0
T1160,2024-07-30,13:49:00,palermo,443217230,21,panes,pan de campo,1,2530.0,600.0,510.0,transferencia,delivery,,2530.0,7,julio,1930.0
T1052,2024-11-12,10:49:00,villa urquiza,327633680,26,tortas,cheesecake de frutos rojos,1,4940.0,1530.0,1110.0,mercado pago,delivery,4,4940.0,11,noviembre,3410.0
T1116,2024-10-27,09:49:00,belgrano,345162600,31,panes,pan multicereal,1,2530.0,720.0,380.0,transferencia,delivery,3,2530.0,10,octubre,1810.0
T1589,2024-03-27,17:59:00,villa urquiza,275520480,45,sandwiches,tostado jamón y queso,2,7240.0,3120.0,1910.0,sin dato,salon,5,14480.0,3,marzo,8240.0
T1195,2024-10-06,19:50:00,belgrano,250521690,31,bebidas,limonada de jengibre,1,4620.0,1090.0,0.0,efectivo,delivery,2,4620.0,10,octubre,3530.0
T1568,2024-11-03,08:41:00,recoleta,326503670,16,tortas,torta de limón y merengue,2,4350.0,1800.0,1320.0,mercado pago,take away,5,8700.0,11,noviembre,5100.0
T1565,2024-07-16,11:38:00,belgrano,438888080,27,bebidas,jugo verde detox,1,4680.0,1250.0,0.0,tarjeta de debito,take away,,4680.0,7,julio,3430.0
T1214,2024-11-22,11:05:00,sin dato,238758360,23,sandwiches,sandwich de pollo y palta,1,6620.0,2440.0,1590.0,tarjeta de credito,take away,5,6620.0,11,noviembre,4180.0
T1198,2024-03-25,14:29:00,recoleta,336402970,30,sandwiches,bagel de salmón ahumado,1,5370.0,1830.0,0.0,efectivo,salon,,5370.0,3,marzo,3540.0
T1102,2024-12-31,17:21:00,sin dato,246170760,36,panes,pan integral,1,3100.0,650.0,1040.0,efectivo,salon,5,3100.0,12,diciembre,2450.0
T1459,2024-09-08,19:09:00,villa urquiza,420593370,21,tortas,carrot cake,2,4100.0,1440.0,1640.0,mercado pago,salon,3,8200.0,9,septiembre,5320.0
T1249,2024-03-25,14:08:00,caballito,235890320,52,tortas,carrot cake,1,3610.0,1370.0,1910.0,tarjeta de credito,take away,4,3610.0,3,marzo,2240.0
T1310,2024-03-15,07:17:00,caballito,223952720,37,alfajores,alfajor de maicena,2,1930.0,530.0,650.0,transferencia,salon,4,3860.0,3,marzo,2800.0
T1588,2024-08-05,17:32:00,belgrano,360945820,38,panes,pan de nuez y pasas,1,3570.0,910.0,2350.0,mercado pago,salon,,3570.0,8,agosto,2660.0
T1258,2024-11-16,16:53:00,recoleta,364601580,18,panes,pan integral,1,3290.0,800.0,1510.0,sin dato,take away,3,3290.0,11,noviembre,2490.0
T1011,2024-03-05,09:42:00,caballito,384483470,21,panes,pan de nuez y pasas,15,3710.0,1060.0,190.0,tarjeta de debito,salon,,55650.0,3,marzo,39750.0
T1428,2024-03-27,08:23:00,belgrano,313625920,36,alfajores,alfajor de nuez,2,2110.0,650.0,0.0,tarjeta de debito,take away,,4220.0,3,marzo,2920.0
T1322,2024-10-06,10:24:00,villa urquiza,449839030,29,tortas,torta de chocolate,1,5760.0,2090.0,3370.0,tarjeta de credito,salon,5,5760.0,10,octubre,3670.0
T1133,2024-01-20,21:58:00,belgrano,340218930,24,alfajores,alfajor de chocolate,3,2830.0,970.0,1270.0,tarjeta de debito,delivery,2,8490.0,1,enero,5580.0
T1401,2024-12-26,17:00:00,palermo,329144050,29,tortas,torta de limón y merengue,2,5530.0,1700.0,2840.0,tarjeta de credito,salon,4,11060.0,12,diciembre,7660.0
T1592,2024-02-21,13:31:00,belgrano,228435290,33,alfajores,alfajor de maicena,1,1970.0,540.0,0.0,transferencia,salon,4,1970.0,2,febrero,1430.0
T1037,2024-09-01,07:22:00,recoleta,330857800,23,sandwiches,bagel de salmón ahumado,2,6890.0,3030.0,2460.0,mercado pago,salon,5,13780.0,9,septiembre,7720.0
T1541,2024-01-06,17:17:00,belgrano,347860280,17,cafe,mocha,1,3790.0,490.0,550.0,tarjeta de credito,salon,5,3790.0,1,enero,3300.0
T1072,2024-09-03,19:18:00,recoleta,238644540,35,bebidas,smoothie de frutos rojos,2,3990.0,1090.0,1940.0,mercado pago,delivery,3,7980.0,9,septiembre,5800.0
T1487,2024-11-17,17:34:00,villa urquiza,278462970,20,tortas,torta red velvet,1,4690.0,1850.0,1540.0,tarjeta de credito,salon,5,4690.0,11,noviembre,2840.0
T1368,2024-08-31,09:12:00,villa urquiza,329048680,42,bebidas,agua saborizada,3,4120.0,690.0,2340.0,tarjeta de credito,take away,4,12360.0,8,agosto,10290.0
T1470,2024-12-10,18:43:00,caballito,301554720,33,tortas,cheesecake de frutos rojos,1,5480.0,2070.0,550.0,efectivo,salon,1,5480.0,12,diciembre,3410.0
T1186,2024-07-06,15:43:00,belgrano,sin dato,40,tortas,torta de chocolate,1,5680.0,1900.0,1140.0,efectivo,salon,3,5680.0,7,julio,3780.0
T1120,2024-08-13,13:30:00,caballito,268458760,19,cafe,flat white,1,3280.0,480.0,1190.0,tarjeta de credito,take away,4,3280.0,8,agosto,2800.0
T1085,2024-06-08,18:20:00,villa urquiza,400059500,40,tortas,torta de chocolate,1,4130.0,1480.0,1250.0,efectivo,take away,4,4130.0,6,junio,2650.0
T1004,2024-10-22,10:45:00,palermo,215376110,29,bebidas,limonada de jengibre,1,4040.0,990.0,2010.0,tarjeta de debito,take away,,4040.0,10,octubre,3050.0
T1177,2024-01-31,11:55:00,belgrano,sin dato,40,bebidas,agua saborizada,1,3830.0,710.0,920.0,tarjeta de debito,salon,5,3830.0,1,enero,3120.0
T1541,2024-01-06,17:17:00,belgrano,347860280,17,cafe,cold brew,1,3460.0,630.0,550.0,tarjeta de credito,salon,5,3460.0,1,enero,2830.0
T1606,2024-11-28,12:40:00,villa urquiza,323852810,42,bebidas,té helado de durazno,1,3690.0,710.0,1360.0,tarjeta de credito,salon,5,3690.0,11,noviembre,2980.0
T1260,2024-05-04,07:43:00,recoleta,327967410,31,cafe,affogato,1,3960.0,680.0,790.0,efectivo,salon,5,3960.0,5,mayo,3280.0
T1559,2024-01-31,18:11:00,belgrano,287024060,33,bebidas,té helado de durazno,1,3140.0,520.0,470.0,mercado pago,salon,,3140.0,1,enero,2620.0
T1594,2024-09-02,17:17:00,palermo,341296140,27,alfajores,alfajor de chocolate,1,1920.0,480.0,1020.0,mercado pago,take away,5,1920.0,9,septiembre,1440.0
T1040,2024-11-29,07:48:00,palermo,282974500,30,alfajores,alfajor de maicena,1,2420.0,770.0,120.0,tarjeta de debito,take away,5,2420.0,11,noviembre,1650.0
T1261,2024-09-06,07:18:00,belgrano,307479120,16,bebidas,agua saborizada,3,4100.0,1010.0,1900.0,transferencia,salon,3,12300.0,9,septiembre,9270.0
T1472,2024-09-05,14:01:00,caballito,396369350,40,alfajores,alfajor de nuez,1,2610.0,800.0,0.0,tarjeta de debito,salon,5,2610.0,9,septiembre,1810.0
T1178,2024-02-17,13:32:00,recoleta,sin dato,35,bebidas,limonada de jengibre,1,4240.0,1000.0,1710.0,tarjeta de credito,salon,5,4240.0,2,febrero,3240.0
T1481,2024-09-28,13:50:00,belgrano,246303210,21,cafe,affogato,3,3820.0,630.0,0.0,mercado pago,salon,4,11460.0,9,septiembre,9570.0
T1495,2024-05-22,17:05:00,belgrano,437299830,46,cafe,espresso tonic,1,3670.0,650.0,1000.0,efectivo,take away,5,3670.0,5,mayo,3020.0
T1404,2024-12-29,15:43:00,villa urquiza,298067640,43,panes,pan multicereal,1,4120.0,910.0,950.0,mercado pago,take away,5,4120.0,12,diciembre,3210.0
T1235,2024-06-05,09:04:00,palermo,300060070,16,alfajores,alfajor de chocolate,2,2180.0,620.0,2510.0,tarjeta de credito,salon,5,4360.0,6,junio,3120.0
T1131,2024-11-11,18:37:00,belgrano,sin dato,41,tortas,torta de chocolate,2,4450.0,1390.0,3190.0,efectivo,take away,5,8900.0,11,noviembre,6120.0
T1016,2024-02-08,14:51:00,villa urquiza,232852710,33,tortas,cheesecake de frutos rojos,1,3880.0,1260.0,190.0,efectivo,take away,5,3880.0,2,febrero,2620.0
T1354,2024-07-11,17:34:00,belgrano,391589640,50,sandwiches,sandwich vegetariano,1,6840.0,2270.0,1290.0,transferencia,salon,5,6840.0,7,julio,4570.0
T1561,2024-04-18,15:50:00,palermo,326052520,25,alfajores,alfajor de nuez,1,2630.0,750.0,130.0,transferencia,salon,,2630.0,4,abril,1880.0
T1157,2024-06-26,07:06:00,caballito,277894600,36,alfajores,alfajor triple,1,1830.0,640.0,1250.0,efectivo,salon,5,1830.0,6,junio,1190.0
T1083,2024-10-22,15:13:00,belgrano,420364130,24,sandwiches,sandwich de pollo y palta,1,7020.0,2980.0,2210.0,mercado pago,salon,3,7020.0,10,octubre,4040.0
T1143,2024-01-09,10:13:00,palermo,233855310,16,tortas,cheesecake de frutos rojos,1,5200.0,1710.0,1900.0,transferencia,salon,5,5200.0,1,enero,3490.0
T1218,2024-10-27,15:50:00,caballito,237755050,32,tortas,torta de chocolate,1,4790.0,1600.0,890.0,mercado pago,salon,5,4790.0,10,octubre,3190.0
T1157,2024-06-26,07:06:00,caballito,277894600,36,alfajores,alfajor de chocolate,3,2190.0,640.0,1250.0,efectivo,salon,5,6570.0,6,junio,4650.0
T1335,2024-10-24,15:43:00,belgrano,246341900,32,alfajores,alfajor de chocolate,1,2520.0,670.0,970.0,tarjeta de credito,take away,,2520.0,10,octubre,1850.0
T1378,2024-12-01,16:25:00,caballito,426590090,31,sandwiches,tostado jamón y queso,1,5530.0,1780.0,550.0,tarjeta de debito,take away,5,5530.0,12,diciembre,3750.0
T1135,2024-05-31,16:43:00,belgrano,258886320,55,cafe,latte de avena,1,2930.0,410.0,290.0,transferencia,take away,,2930.0,5,mayo,2520.0
T1245,2024-11-09,07:00:00,belgrano,369640320,16,alfajores,alfajor triple,3,2060.0,530.0,0.0,mercado pago,take away,,6180.0,11,noviembre,4590.0
T1326,2024-03-07,19:08:00,caballito,387668650,30,cafe,mocha,1,3590.0,530.0,540.0,tarjeta de debito,salon,5,3590.0,3,marzo,3060.0
T1030,2024-07-13,17:47:00,belgrano,406532530,42,sandwiches,tostado jamón y queso,1,5920.0,2400.0,590.0,transferencia,salon,5,5920.0,7,julio,3520.0
T1506,2024-12-29,12:12:00,palermo,405837210,24,sandwiches,club sandwich,1,6150.0,2120.0,1110.0,tarjeta de credito,take away,4,6150.0,12,diciembre,4030.0
T1423,2024-10-23,12:22:00,belgrano,367985030,26,cafe,affogato,1,2820.0,390.0,0.0,transferencia,salon,5,2820.0,10,octubre,2430.0
T1206,2024-11-04,10:01:00,villa urquiza,360386490,17,tortas,cheesecake de frutos rojos,2,4850.0,1910.0,4950.0,efectivo,salon,5,9700.0,11,noviembre,5880.0
T1557,2024-02-15,08:40:00,villa urquiza,sin dato,38,tortas,torta de chocolate,1,5280.0,1850.0,0.0,tarjeta de debito,salon,4,5280.0,2,febrero,3430.0
T1380,2024-03-03,18:07:00,palermo,402898880,43,tortas,carrot cake,1,5620.0,1970.0,1380.0,tarjeta de debito,salon,5,5620.0,3,marzo,3650.0
T1149,2024-06-09,13:02:00,villa urquiza,274247260,27,bebidas,agua saborizada,1,3500.0,630.0,670.0,tarjeta de debito,salon,5,3500.0,6,junio,2870.0
T1409,2024-01-18,17:20:00,recoleta,249641840,26,tortas,torta de chocolate,1,4430.0,1410.0,520.0,tarjeta de credito,salon,,4430.0,1,enero,3020.0
T1265,2024-09-30,10:08:00,caballito,sin dato,31,bebidas,smoothie de frutos rojos,20,4630.0,1220.0,1040.0,tarjeta de credito,delivery,3,92600.0,9,septiembre,68200.0
T1087,2024-03-11,19:16:00,recoleta,310099590,16,alfajores,alfajor de chocolate,2,2350.0,780.0,0.0,sin dato,salon,5,4700.0,3,marzo,3140.0
T1028,2024-09-18,08:24:00,villa urquiza,263779850,28,sandwiches,bagel de salmón ahumado,1,4730.0,1720.0,620.0,tarjeta de credito,salon,4,4730.0,9,septiembre,3010.0
T1485,2024-09-18,15:19:00,villa urquiza,314322920,41,cafe,flat white,2,3900.0,570.0,3010.0,tarjeta de debito,salon,,7800.0,9,septiembre,6660.0
T1375,2024-09-27,20:02:00,recoleta,228320430,29,panes,pan de nuez y pasas,1,3670.0,1020.0,0.0,tarjeta de debito,take away,5,3670.0,9,septiembre,2650.0
T1163,2024-10-06,09:43:00,villa urquiza,209031540,46,bebidas,limonada de jengibre,2,4390.0,890.0,1130.0,mercado pago,delivery,4,8780.0,10,octubre,7000.0
T1208,2024-03-30,18:35:00,villa urquiza,319730780,29,bebidas,smoothie de frutos rojos,2,3220.0,880.0,640.0,tarjeta de debito,take away,5,6440.0,3,marzo,4680.0
T1270,2024-10-02,10:16:00,palermo,444083450,21,cafe,espresso tonic,1,3410.0,720.0,1430.0,efectivo,take away,5,3410.0,10,octubre,2690.0
T1218,2024-10-27,15:50:00,caballito,237755050,32,cafe,latte de avena,1,4120.0,760.0,890.0,mercado pago,salon,5,4120.0,10,octubre,3360.0
T1255,2024-04-24,18:41:00,villa urquiza,330488710,29,bebidas,limonada de jengibre,1,4580.0,1260.0,920.0,tarjeta de debito,salon,5,4580.0,4,abril,3320.0
T1447,2024-12-19,21:50:00,belgrano,284886970,39,tortas,carrot cake,2,5630.0,1890.0,2280.0,transferencia,salon,5,11260.0,12,diciembre,7480.0
T1282,2024-07-14,12:37:00,villa urquiza,232788350,35,tortas,torta red velvet,1,4880.0,1610.0,490.0,mercado pago,salon,5,4880.0,7,julio,3270.0
T1399,2024-01-23,07:30:00,villa urquiza,sin dato,26,bebidas,agua saborizada,1,4610.0,870.0,1390.0,mercado pago,salon,5,4610.0,1,enero,3740.0
T1073,2024-02-25,17:14:00,caballito,208396870,43,alfajores,alfajor de maicena,2,1910.0,500.0,520.0,transferencia,take away,5,3820.0,2,febrero,2820.0
T1521,2024-04-17,11:29:00,belgrano,324030820,30,panes,pan de masa madre,1,2580.0,630.0,550.0,tarjeta de credito,take away,,2580.0,4,abril,1950.0
T1372,2024-06-24,15:49:00,palermo,357326260,16,alfajores,alfajor triple,2,2860.0,800.0,3230.0,mercado pago,salon,5,5720.0,6,junio,4120.0
T1426,2024-06-08,17:53:00,caballito,275790540,22,tortas,carrot cake,1,5660.0,1710.0,570.0,transferencia,salon,,5660.0,6,junio,3950.0
T1275,2024-04-24,15:25:00,recoleta,315773630,30,panes,pan integral,1,2530.0,700.0,380.0,mercado pago,take away,,2530.0,4,abril,1830.0
T1601,2024-10-26,13:05:00,palermo,243783630,29,bebidas,té helado de durazno,1,3330.0,540.0,2040.0,transferencia,salon,5,3330.0,10,octubre,2790.0
T1324,2024-02-18,16:41:00,recoleta,212539820,25,sandwiches,sandwich vegetariano,1,7400.0,3260.0,1050.0,transferencia,salon,5,7400.0,2,febrero,4140.0
T1272,2024-11-10,17:10:00,villa urquiza,247100580,32,panes,pan de campo,1,2730.0,770.0,1020.0,mercado pago,salon,5,2730.0,11,noviembre,1960.0
T1523,2024-07-17,19:56:00,villa urquiza,325582860,35,cafe,mocha,3,3520.0,590.0,2710.0,mercado pago,salon,4,10560.0,7,julio,8790.0
T1127,2024-12-14,10:02:00,villa urquiza,435055810,37,alfajores,alfajor de chocolate,2,2250.0,770.0,680.0,efectivo,salon,4,4500.0,12,diciembre,2960.0
T1615,2024-04-02,17:27:00,belgrano,423899790,31,bebidas,té helado de durazno,1,3540.0,860.0,1610.0,tarjeta de credito,take away,4,3540.0,4,abril,2680.0
T1417,2024-12-20,09:22:00,belgrano,217746370,33,sandwiches,sandwich vegetariano,1,7230.0,2600.0,1510.0,tarjeta de credito,salon,5,7230.0,12,diciembre,4630.0
T1524,2024-04-16,10:57:00,belgrano,351692890,28,panes,pan de campo,1,2790.0,640.0,1170.0,tarjeta de debito,salon,4,2790.0,4,abril,2150.0
T1243,2024-12-13,14:11:00,villa urquiza,327423210,33,bebidas,jugo verde detox,1,4300.0,960.0,500.0,tarjeta de credito,take away,,4300.0,12,diciembre,3340.0
T1224,2024-06-25,09:53:00,recoleta,431139880,23,cafe,affogato,2,4250.0,790.0,420.0,efectivo,salon,4,8500.0,6,junio,6920.0
T1512,2024-03-06,07:58:00,caballito,218384080,26,tortas,torta de limón y merengue,2,3620.0,1260.0,360.0,tarjeta de credito,take away,4,7240.0,3,marzo,4720.0
T1249,2024-03-25,14:08:00,caballito,235890320,52,alfajores,alfajor de chocolate,2,2300.0,740.0,1910.0,tarjeta de credito,take away,4,4600.0,3,marzo,3120.0
T1076,2024-01-11,07:50:00,recoleta,281728150,17,panes,pan de nuez y pasas,2,2210.0,480.0,1180.0,tarjeta de debito,take away,4,4420.0,1,enero,3460.0
T1005,2024-03-24,14:24:00,recoleta,414748280,47,tortas,cheesecake de frutos rojos,1,5600.0,2160.0,0.0,transferencia,salon,4,5600.0,3,marzo,3440.0
T1468,2024-04-03,20:25:00,palermo,227947670,23,panes,pan de masa madre,2,2570.0,700.0,380.0,mercado pago,take away,4,5140.0,4,abril,3740.0
T1049,2024-09-04,11:46:00,villa urquiza,376038920,29,panes,pan multicereal,1,2560.0,680.0,260.0,transferencia,salon,3,2560.0,9,septiembre,1880.0
T1216,2024-08-31,11:05:00,caballito,439681220,36,panes,pan de masa madre,1,3820.0,960.0,2040.0,efectivo,salon,,3820.0,8,agosto,2860.0
T1052,2024-11-12,10:49:00,villa urquiza,327633680,26,alfajores,alfajor triple,1,2430.0,840.0,1110.0,mercado pago,delivery,4,2430.0,11,noviembre,1590.0
T1046,2024-05-23,21:38:00,recoleta,386492520,47,alfajores,alfajor de nuez,1,2410.0,720.0,240.0,efectivo,salon,4,2410.0,5,mayo,1690.0
T1452,2024-05-24,10:05:00,caballito,323345940,38,cafe,cold brew,1,2830.0,500.0,600.0,tarjeta de debito,salon,4,2830.0,5,mayo,2330.0
T1017,2024-07-24,21:03:00,belgrano,327162270,25,cafe,mocha,1,3880.0,580.0,1600.0,efectivo,delivery,4,3880.0,7,julio,3300.0
T1576,2024-09-07,17:42:00,villa urquiza,275475670,32,bebidas,limonada de jengibre,1,4350.0,930.0,440.0,efectivo,take away,,4350.0,9,septiembre,3420.0
T1462,2024-06-14,09:01:00,palermo,354428620,38,tortas,torta red velvet,1,5730.0,2370.0,2340.0,mercado pago,salon,,5730.0,6,junio,3360.0
T1283,2024-01-03,18:47:00,palermo,393940300,30,bebidas,smoothie de frutos rojos,1,3700.0,760.0,690.0,transferencia,salon,1,3700.0,1,enero,2940.0
T1569,2024-10-22,18:00:00,recoleta,220765130,39,alfajores,alfajor triple,3,1960.0,650.0,4690.0,transferencia,salon,5,5880.0,10,octubre,3930.0
T1474,2024-08-30,08:31:00,villa urquiza,416821960,42,bebidas,té helado de durazno,1,3800.0,820.0,570.0,tarjeta de credito,salon,4,3800.0,8,agosto,2980.0
T1215,2024-12-22,17:06:00,palermo,424190970,30,panes,pan de nuez y pasas,1,2320.0,610.0,320.0,tarjeta de credito,take away,4,2320.0,12,diciembre,1710.0
T1569,2024-10-22,18:00:00,recoleta,220765130,39,sandwiches,sandwich vegetariano,3,7130.0,2400.0,4690.0,transferencia,salon,5,21390.0,10,octubre,14190.0
T1496,2024-04-06,19:30:00,villa urquiza,206262620,26,tortas,carrot cake,1,5480.0,1930.0,940.0,efectivo,take away,5,5480.0,4,abril,3550.0
T1151,2024-11-24,07:33:00,palermo,224941140,19,sandwiches,sandwich de pollo y palta,1,6540.0,2620.0,2030.0,efectivo,take away,4,6540.0,11,noviembre,3920.0
T1280,2024-08-02,20:09:00,villa urquiza,232312440,45,cafe,espresso tonic,1,3930.0,730.0,590.0,tarjeta de debito,salon,5,3930.0,8,agosto,3200.0
T1415,2024-08-25,10:01:00,palermo,251681860,26,panes,pan de campo,1,2440.0,780.0,1040.0,tarjeta de credito,salon,5,2440.0,8,agosto,1660.0
T1004,2024-10-22,10:45:00,palermo,215376110,29,tortas,carrot cake,1,4140.0,1420.0,2010.0,tarjeta de debito,take away,,4140.0,10,octubre,2720.0
T1458,2024-05-13,08:20:00,palermo,242906550,34,alfajores,alfajor triple,1,2790.0,930.0,1380.0,mercado pago,take away,5,2790.0,5,mayo,1860.0
T1150,2024-06-21,11:48:00,caballito,442785750,25,panes,pan de nuez y pasas,2,3180.0,840.0,950.0,mercado pago,salon,5,6360.0,6,junio,4680.0
T1204,2024-04-22,07:57:00,recoleta,219659950,34,panes,pan de campo,1,2700.0,710.0,4820.0,mercado pago,salon,5,2700.0,4,abril,1990.0
T1279,2024-03-26,18:43:00,recoleta,352159330,16,tortas,torta de chocolate,2,3970.0,1430.0,790.0,transferencia,take away,4,7940.0,3,marzo,5080.0
T1605,2024-01-24,15:15:00,recoleta,213116650,34,tortas,cheesecake de frutos rojos,1,5780.0,1810.0,580.0,tarjeta de debito,delivery,4,5780.0,1,enero,3970.0
T1078,2024-09-19,16:06:00,caballito,369060210,26,alfajores,alfajor de nuez,1,2270.0,730.0,580.0,tarjeta de debito,delivery,2,2270.0,9,septiembre,1540.0
T1098,2024-03-11,09:04:00,recoleta,233937200,36,panes,pan integral,1,2290.0,660.0,520.0,transferencia,take away,5,2290.0,3,marzo,1630.0
T1270,2024-10-02,10:16:00,palermo,444083450,21,cafe,latte de avena,3,3620.0,610.0,1430.0,efectivo,take away,5,10860.0,10,octubre,9030.0
T1597,2024-04-11,14:45:00,palermo,435265200,49,bebidas,té helado de durazno,1,3390.0,530.0,540.0,transferencia,take away,4,3390.0,4,abril,2860.0
T1253,2024-06-29,15:30:00,villa urquiza,391474400,42,bebidas,limonada de jengibre,2,3340.0,570.0,910.0,mercado pago,take away,,6680.0,6,junio,5540.0
T1339,2024-08-06,13:49:00,palermo,403987440,17,tortas,torta de limón y merengue,1,3750.0,1520.0,0.0,mercado pago,take away,4,3750.0,8,agosto,2230.0
T1554,2024-02-06,13:56:00,palermo,241767720,46,sandwiches,sandwich vegetariano,1,6180.0,2530.0,1850.0,mercado pago,delivery,4,6180.0,2,febrero,3650.0
T1491,2024-07-28,08:07:00,recoleta,391852410,25,sandwiches,sandwich vegetariano,1,5470.0,1850.0,270.0,tarjeta de credito,salon,4,5470.0,7,julio,3620.0
T1593,2024-07-21,12:19:00,recoleta,343727540,25,sandwiches,tostado jamón y queso,1,4870.0,1640.0,1640.0,tarjeta de debito,salon,4,4870.0,7,julio,3230.0
T1210,2024-02-04,12:16:00,palermo,441730680,30,panes,pan integral,1,3190.0,850.0,320.0,efectivo,salon,4,3190.0,2,febrero,2340.0
T1179,2024-04-18,14:17:00,recoleta,295158040,23,sandwiches,sandwich de pollo y palta,1,4650.0,1990.0,2410.0,tarjeta de credito,salon,3,4650.0,4,abril,2660.0
T1077,2024-03-07,15:16:00,belgrano,236885160,22,cafe,latte de avena,1,2820.0,370.0,0.0,efectivo,salon,4,2820.0,3,marzo,2450.0
T1175,2024-06-27,20:52:00,palermo,347327410,26,cafe,mocha,2,3330.0,610.0,0.0,efectivo,take away,4,6660.0,6,junio,5440.0
T1063,2024-10-05,13:29:00,recoleta,263301230,30,alfajores,alfajor de chocolate,1,2340.0,700.0,1280.0,tarjeta de debito,take away,4,2340.0,10,octubre,1640.0
T1044,2024-08-23,18:09:00,caballito,259101750,25,cafe,affogato,1,3530.0,680.0,1820.0,transferencia,delivery,4,3530.0,8,agosto,2850.0
T1012,2024-07-23,17:41:00,recoleta,347001990,35,tortas,torta de limón y merengue,1,4770.0,1440.0,480.0,transferencia,salon,4,4770.0,7,julio,3330.0
T1006,2024-04-18,17:31:00,caballito,415705290,39,cafe,latte de avena,1,3920.0,700.0,2340.0,mercado pago,salon,3,3920.0,4,abril,3220.0
T1288,2024-09-22,11:12:00,palermo,401163820,21,tortas,torta red velvet,1,4050.0,1290.0,610.0,transferencia,salon,4,4050.0,9,septiembre,2760.0
T1106,2024-09-02,17:11:00,belgrano,221173020,35,tortas,torta red velvet,1,5650.0,2370.0,1200.0,mercado pago,salon,4,5650.0,9,septiembre,3280.0
