id_transaccion,fecha,hora,sucursal,dni_cliente,edad_cliente,categoria_producto,producto,cantidad,precio_unitario,costo_unitario,propina,metodo_pago,canal,calificacion
T1220,2024-06-04,11:17,Caballito,43360019.0,36.0,Bebidas,Agua saborizada,1,4320.0,1060.0,650.0,Efectivo,Delivery,4.0
T1323,2024-10-19,09:06,Palermo,35447447.0,35.0,Café,Cold brew,2,3900.0,780.0,2870.0,Tarjeta de crédito,Salón,4.0
T1162,2024-06-17,14:21,Caballito,41845171.0,17.0,Panes,Pan integral,3,2830.0,890.0,0.0,Transferencia,Salón,4.0
T1442,2024-12-17,16:15,Caballito,28002175.0,33.0,Sandwiches,Bagel de salmón ahumado,3,6100.0,2290.0,2220.0,Efectivo,Salón,2.0
T1394,2024-08-20,07:06,Palermo,38030831.0,24.0,Tortas,Cheesecake de frutos rojos,1,5160.0,1750.0,780.0,Tarjeta de débito,Salón,2.0
T1124,2024-07-06,19:09,Belgrano,40215302.0,20.0,Bebidas,Smoothie de frutos rojos,1,4370.0,740.0,660.0,Transferencia,Salón,2.0
T1067,2024-07-29,16:43,Belgrano,25703704.0,16.0,Panes,Pan integral,1,4030.0,1030.0,470.0,Tarjeta de débito,Salón,
T1537,2024-01-23,10:56,Belgrano,29186407.0,26.0,Tortas,Torta red velvet,1,3680.0,1440.0,1230.0,Transferencia,Salón,
T1354,2024-07-11,17:34,Belgrano,39158964.0,50.0,Panes,Pan multicereal,3,3100.0,700.0,1290.0,Transferencia,Salón,5.0
T1142,2024-10-02,13:33,Belgrano,44422866.0,25.0,Tortas,Torta de chocolate,1,5360.0,2100.0,2640.0,Tarjeta de débito,Take away,5.0
T1007,2024-01-25,20:07,Belgrano,41053595.0,27.0,Alfajores,Alfajor de nuez,3,2380.0,800.0,360.0,Tarjeta de débito,Take away,4.0
T1095,2024-08-12,14:33,Villa Urquiza,40461674.0,34.0,Sandwiches,Club sandwich,1,4670.0,1700.0,0.0,Tarjeta de débito,Salón,
T1132,2024-11-30,21:56,caballito,36020513.0,38.0,Tortas,Torta de chocolate,1,5000.0,1940.0,250.0,Tarjeta de débito,Take away,4.0
T1493,2024-06-07,16:28,Recoleta,32660276.0,25.0,Panes,Pan de nuez y pasas,2,3470.0,970.0,0.0,Mercado Pago,Take away,5.0
T1103,2024-09-27,13:07,Recoleta,27973882.0,29.0,Café,Cappuccino,2,2890.0,490.0,480.0,Tarjeta de crédito,Salón,4.0
T1309,2024-08-12,6:00 PM,Belgrano,23026508.0,25.0,Alfajores,Alfajor triple,2,2310.0,650.0,230.0,Tarjeta de débito,Salón,4.0
T1022,2024-02-24,18:35,Belgrano,29138489.0,19.0, Bebidas ,Smoothie de frutos rojos,1,3860.0,1030.0,390.0,Tarjeta de crédito,Take away,5.0
T1058,27/06/2024,13:21,Recoleta,42485949.0,28.0,Sandwiches,Bagel de salmón ahumado,1,7180.0,2720.0,2390.0,Efectivo,Take away,4.0
T1389,2024-11-08,09:53,Villa Urquiza,22146061.0,29.0,Bebidas,Agua saborizada,3,3550.0,800.0,1960.0,Efectivo,Salón,5.0
T1173,2024-12-16,14:26,Caballito,36398034.0,34.0,Alfajores,Alfajor de nuez,1,2400.0,630.0,0.0,Tarjeta de débito,Salón,2.0
T1299,13/05/2024,12:23,Villa Urquiza,38706310.0,25.0,Bebidas,Jugo verde detox,1,3340.0,780.0,170.0,Tarjeta de crédito,Salón,4.0
T1580,2024-09-24,21:22,Villa Urquiza,38.059.313,29.0,Panes,Pan de nuez y pasas,1,3300.0,770.0,880.0,Transferencia,Salón,3.0
T1370,2024-05-01,18:32,Recoleta,33785429.0,27.0,Alfajores,Alfajor triple,1,1920.0,610.0,0.0,Transferencia,Take away,2.0
T1331,2024-05-18,07:29, Palermo ,22234651.0,40.0,Sandwiches,Sandwich de pollo y palta,2,4560.0,,1760.0,Mercado Pago,Take away,5.0
T1070,2024-01-26,21:38:00,Caballito,29603082.0,56.0,Panes,Pan de campo,1,4010.0,950.0,580.0,Tarjeta de débito,Take away,4.0
T1300,2024-03-30,19:18,recoleta,30908219.0,27.0,Alfajores,Alfajor triple,3,2310.0,780.0,730.0,Transferencia,Salón,5.0
T1366,2024-06-11,11:36,Recoleta,34587018.0,30.0,Café,Cappuccino,2,40700.0,510.0,1640.0,Tarjeta de crédito,Delivery,5.0
T1111,2024-10-17,07:38,Belgrano,42785541.0,21.0,Café,Cold brew,1,3590.0,660.0,1170.0,Mercado Pago,Delivery,4.0
T1230,2024-06-20,17:05,Belgrano,31921332.0,36.0,Alfajores,Alfajor de maicena,1,2750.0,950.0,1220.0,Tarjeta de débito,Take away,4.0
T1356,2024-09-21,17:08,Belgrano,44312556.0,46.0,Tortas,Torta red velvet,1,4570.0,1660.0,2040.0,Efectivo,Salón,5.0
T1154,2024-12-22,10:19,Palermo,41935730.0,42.0,Tortas,Torta de chocolate,1,5120.0,2060.0,650.0,Efectivo,Salón,4.0
T1001,2024-11-23,8:01 AM,Recoleta,28217207.0,36.0,Panes,Pan de nuez y pasas,1,3400.0,970.0,1060.0,Tarjeta de débito,Salón,3.0
T1009,2024-05-14,15:48,Belgrano,37034970.0,34.0,Café,Flat white,1,3700.0,490.0,980.0,Efectivo,Take away,4.0
T1227,2024-02-25,14:04,Recoleta,29277238.0,35.0,Bebidas,Smoothie de frutos rojos,1,3320.0,600.0,390.0,Tarjeta de crédito,Take away,4.0
T1435,2024-12-04,10:15,Belgrano,41746051.0,25.0,Sandwiches,Sandwich de pollo y palta,1,5610.0,2030.0,280.0,,Take away,
T1257,2024-05-22,15:16,Belgrano,25399876.0,48.0,Panes,Pan de campo,1,2510.0,520.0,380.0,Transferencia,Take away,1.0
T1226,2024-11-25,11:27,Caballito,31700739.0,26.0,Sandwiches,Club sandwich,1,6640.0,2380.0,0.0,Mercado Pago,Salón,5.0
T1015,2024-11-26,08:03,Caballito,44434793.0,26.0,Café,Cappuccino,1,3010.0,500.0,300.0,Tarjeta de crédito,Take away,3.0
T1533,22/09/2024,07:10,Recoleta,33786215.0,27.0,Alfajores,Alfajor de maicena,2,2230.0,600.0,530.0,Mercado Pago,Salón,3.0
T1174,2024-10-05,20:23,Villa Urquiza,21396217.0,25.0,Bebidas,Té helado de durazno,3,3510.0,730.0,530.0,Mercado Pago,Salón,
T1228,2024-01-14,17:31,Recoleta,28704901.0,,Café,Mocha,2,3980.0,750.0,2120.0,Mercado Pago,Salon,5.0
T1152,2024-09-04,17:31,Palermo,20221873.0,41.0,Bebidas,Agua saborizada,2,4370.0,720.0,2470.0,Transferencia,Take away,1.0
T1122,2024-05-03,10:37,Recoleta,21632696.0,33.0,Panes,Pan multicereal,2,3660.0,890.0,2160.0,efectivo,Salón,5.0
T1602,2024-10-08,18:16,Villa Urquiza,31654780.0,16.0,Tortas,Cheesecake de frutos rojos,1,4880.0,1540.0,4380.0,Tarjeta de crédito,Salón,5.0
T1141,2024-04-02,19:08,Caballito,32564823.0,32.0, Tortas ,Torta de limón y merengue,2,3810.0,1200.0,760.0,Mercado Pago,Salón,
T1285,2024-12-27,13:47,Belgrano,42121861.0,24.0,Panes,Pan de campo,1,2630.0,630.0,0.0,Efectivo,Take away,4.0
T1584,07/09/2024,08:33,Recoleta,43503387.0,41.0,Bebidas,Jugo verde detox,2,3940.0,800.0,3270.0,Transferencia,Take away,5.0
T1554,2024-02-06,13:56,Palermo,24176772.0,46.0,Bebidas,Limonada de jengibre,3,4110.0,1010.0,1850.0,Mercado Pago,Delivery,4.0
T1403,2024-03-11,12:15,Villa Urquiza,23810363.0,28.0,Sandwiches,Club sandwich,1,67400.0,2210.0,3210.0,Mercado Pago,Take away,5.0
T1064,2024-10-29,12:55,Palermo,34774224.0,36.0,Café,Mocha,1,3400.0,520.0,1070.0,Efectivo,Salón,5.0
T1318,2024-03-07,09:55,Palermo,26780647.0,26.0,Sandwiches,Tostado jamón y queso,1,6500.0,2870.0,30350.0,Efectivo,Salón,3.0
T1256,2024-04-13,16:55,Caballito,27568151.0,39.0,Bebidas,Té helado de durazno,1,3500.0,840.0,1080.0,Tarjeta de crédito,Take away,5.0
T1360,2024-01-28,08:27,Caballito,26005672.0,39.0,Alfajores,Alfajor triple,2,2140.0,690.0,2730.0,Transferencia,Take away,5.0
T1060,2024-11-18,16:51,Belgrano,43816359.0,34.0,Panes,Pan de campo,1,3120.0,940.0,310.0,Tarjeta de débito,Salón,1.0
T1466,2024-01-21,15:21,Caballito,42697561.0,28.0,Sandwiches,Tostado jamón y queso,1,6230.0,2030.0,-3390.0,Tarjeta de débito,Take away,5.0
T1610,2024-08-06,10:29,Caballito,23363288.0,16.0,Tortas,Carrot cake,1,4380.0,1320.0,220.0,Transferencia,Salón,5.0
T1345,01/05/2024,10:37,,35224937.0,32.0,Café,Latte de avena,1,3730.0,,560.0,Mercado Pago,Salón,5.0
T1396,2024-07-10,09:29,Belgrano,41207109.0,44.0,Bebidas,Jugo verde detox,1,3100.0,810.0,,Tarjeta de crédito,Delivery,4.0
T1432,2024-07-11,14:29,Palermo,21102591.0,19.0,Bebidas,Té helado de durazno,1,3840.0,930.0,0.0,Tarjeta de débito,Take away,
T1436,2024-08-23,17:55, Caballito ,39060575.0,17.0,Cafe,Flat white,1,4010.0,750.0,830.0,Transferencia,Delivery,4.0
T1386,2024-07-15,17:12,Recoleta,43349934.0,30.0,Tortas,Carrot cake,1,5190.0,1680.0,260.0,Mercado Pago,Take away,5.0
T1073,2024-02-25,17:14,Caballito,20839687.0,43.0,Panes,Pan de campo,1,3470.0,990.0,520.0,Transferencia,Take away,5.0
T1114,2024-04-12,19:08,Belgrano,36576625.0,210.0,Café,Cold brew,1,3720.0,560.0,740.0,Efectivo,Salón,5.0
T1577,2024-11-26,18:27:00,Recoleta,39173777.0,29.0,Café,Cold brew,2,3410.0,540.0,0.0,Tarjeta de débito,Salón,3.0
T1258,2024-11-16,16:53,Recoleta,36460158.0,18.0,Café,Cold brew,1,4240.0,840.0,-1510.0,Transferencia,Take away,3.0
T1293,2024-06-30,10:57,Villa Urquiza,29028685.0,21.0,Tortas,Torta de chocolate,1,5620.0,2130.0,770.0,Tarjeta de débito,Delivery,5.0
T1083,2024-10-22,15:13,Belgrano,42036413.0,24.0,Café,Affogato,1,4030.0,740.0,2210.0,Mercado Pago,Salón,3.0
T1353,2024-06-20,14:50,Caballito,44917006.0,36.0,Sandwiches,Sandwich de pollo y palta,1,7700.0,2500.0,700.0,Efectivo,Take away,4.0
T1587,2024-04-27,11:40,Palermo,30256298.0,40.0,Bebidas,Smoothie de frutos rojos,1,3940.0,1040.0,480.0,Mercado Pago,Take away,5.0
T1290,13/10/2024,21:37,Recoleta,31659329.0,40.0,Alfajores,Alfajor de maicena,1,2090.0,540.0,210.0,Tarjeta de crédito,Salón,
T1404,2024-12-29,15:43,Villa Urquiza,29806764.0,43.0,Tortas,Cheesecake de frutos rojos,1,5550.0,1720.0,950.0,Mercado Pago,Take away,5.0
T1595,2024-03-20,12:32,Palermo,42965917.0,37.0,Café,Mocha,1,2810.0,420.0,,Tarjeta de débito,Salón,5.0
T1454,2024-08-10,19:58,Caballito,42602602.0,38.0,Sandwiches,Sandwich vegetariano,1,6960.0,2620.0,1040.0,Mercado Pago,Salón,5.0
T1320,2024-05-07,16:40,Belgrano,38737582.0,46.0,Sandwiches,Bagel de salmón ahumado,1,6820.0,2270.0,980.0,Transferencia,Salón,3.0
T1414,2024-02-15,07:26,Recoleta,33908782.0,48.0, Tortas ,Torta  red velvet,1,5420.0,1990.0,1600.0,Tarjeta de débito,Take away,5.0
T1472,2024-09-05,14:01,Caballito,39636935.0,40.0,Tortas,Torta red velvet,1,3520.0,1360.0,0.0,Tarjeta de débito,Salón,5.0
T1306,2024-09-24,8:48 PM,Belgrano,31538863.0,,Alfajores,Alfajor de nuez,2,2070.0,650.0,1390.0,Tarjeta de crédito,Salón,1.0
T1504,2024-01-02,16:30,Palermo,20321404.0,35.0,Tortas,Carrot cake,1,5050.0,2010.0,770.0,Tarjeta de débito,Salón,
T1461,2024-04-18,16:00,Villa Urquiza,39152460.0,31.0,Bebidas,Limonada de jengibre,1,3670.0,1000.0,1230.0,Tarjeta de débito,Salón,3.0
T1018,30/01/2024,16:47,Villa Urquiza,,29.0,Café,Cold brew,1,2890.0,590.0,1020.0,Tarjeta de crédito,Salón,5.0
T1449,2024-08-29,18:26,Recoleta,44071480.0,38.0,Café,Mocha,1,3290.0,650.0,720.0,Mercado Pago,Take away,5.0
T1563,2024-07-24,18:53,Belgrano,20861692.0,33.0,Sandwiches,Sandwich de pollo y palta,2,6590.0,2940.0,1000.0,Transferencia,Salón,5.0
T1343,2024-11-09,09:24,Villa Urquiza,32771052.0,27.0,Tortas,Carrot cake,2,4210.0,1750.0,580.0,Efectivo,Take away,
T1549,2024-12-17,18:46,Belgrano,40403215.0,16.0,Tortas,Carrot cake,1,3660.0,1380.0,1220.0,Mercado Pago,Salón,4.0
T1159,2024-08-15,12:48,Recoleta,23430317.0,16.0,Café,Cappuccino,1,2950.0,520.0,550.0,Tarjeta de débito,Salón,4.0
T1475,27/10/2024,21:43,Recoleta,40203127.0,26.0,Alfajores,Alfajor triple,2,2680.0,900.0,,,Salón,4.0
T1264,2024-02-07,12:59,Villa Urquiza,23561317.0,22.0,Alfajores,Alfajor de nuez,1,2230.0,660.0,110.0,Tarjeta de crédito,Take away,4.0
T1292,2024-10-27,20:01,Caballito,23901316.0,23.0,Bebidas,Té helado de durazno,1,4360.0,850.0,2080.0,Tarjeta de crédito,Salón,5.0
T1096,2024-06-17,08:35,Caballito,29534390.0,24.0,Sandwiches,Bagel de salmón ahumado,2,4930.0,1630.0,800.0,Tarjeta de crédito,Take away,5.0
T1417,2024-12-20,09:22,Belgrano,21774637.0,33.0,Panes,Pan de masa madre,1,3730.0,820.0,1510.0,Tarjeta de crédito,Salón,5.0
T1583,2024-03-04,15:07,Villa Urquiza,33649314.0,45.0,Alfajores,Alfajor de chocolate,1,2220.0,760.0,0.0,Efectivo,Salón,3.0
T1234,2024-07-15,07:02,Villa Urquiza,26691231.0,27.0,Panes,Pan multicereal,1,2820.0,730.0,280.0,Tarjeta de crédito,Delivery,
T1594,2024-09-02,17:17,Palermo,34129614.0,27.0,Sandwiches,Bagel de salmón ahumado,3,6160.0,2650.0,1020.0,Mercado Pago,Take away,5.0
T1197,2024-02-01,13:42,Belgrano,27944741.0,41.0,Panes,Pan de masa madre,1,3760.0,820.0,730.0,Tarjeta de crédito,Salón,4.0
T1295,2024-06-26,13:55,Belgrano,35340953.0,41.0,Sandwiches,Tostado jamón y queso,1,6310.0,2410.0,1070.0,Efectivo,Take away,5.0
T1522,2024-11-11,16:12,Villa Urquiza,29871134.0,33.0,Panes,Pan de nuez y pasas,2,4140.0,930.0,2040.0,Tarjeta de débito,Salón,3.0
T1073,2024-02-25,17:14,Caballito,20839687.0,43.0,Bebidas,Agua saborizada,1,3200.0,500.0,520.0,Transferencia,Take away,5.0
T1090,2024-06-22,10:21,Belgrano,22562866.0,39.0,Sandwiches,Sandwich vegetariano,2,6900.0,2940.0,690.0,Transferencia,Take away,5.0
T1457,2024-11-02,18:47,Palermo,20179884.0,36.0,Bebidas,Smoothie de frutos rojos,2,3220.0,500.0,640.0,Tarjeta de crédito,Salón,4.0
T1563,2024-07-24,18:53,Belgrano,20861692.0,33.0,Café,Cappuccino,1,3790.0,700.0,1000.0,Transferencia,Salón,5.0
T1018,2024-01-30,16:47,Villa Urquiza,22045396.0,-2.0,Tortas,Torta de limón y merengue,2,3660.0,1280.0,1020.0,Tarjeta de crédito,Salón,5.0
T1164,2024-08-04,19:24,Palermo,35068178.0,17.0,Bebidas,Agua saborizada,2,3920.0,770.0,1740.0,Transferencia,Salón,4.0
T1184,2024-12-19,07:54,Recoleta,26893614.0,29.0,Bebidas,Limonada de jengibre,2,4330.0,780.0,870.0,Transferencia,Take away,4.0
T1611,2024-11-25,21:02,Belgrano,28333006.0,46.0,Tortas,Torta de chocolate,2,4750.0,1910.0,2570.0,Efectivo,Salón,
T1231,2024-02-06,14:56,Belgrano,36793234.0,18.0,Tortas,Cheesecake de frutos rojos,1,3820.0,1330.0,760.0,Efectivo,Take away,4.0
T1602,2024-10-08,18:16:00,Villa Urquiza,31654780.0,16.0,Tortas,Torta de limón y merengue,3,3640.0,1180.0,4380.0,Tarjeta de crédito,Salón,5.0
T1556,23/03/2024,07:07,Palermo,41622388.0,36.0,Café,Cold brew,1,4110.0,670.0,-2360.0,Mercado Pago,Salón,5.0
T1284,09/11/2024,11:43,Caballito,26834825.0,,Café,Espresso tonic,3,3530.0,630.0,530.0,Mercado Pago,Take away,5.0
T1292,27/10/2024,20:01,Caballito,23901316.0,23.0,Alfajores,Alfajor triple,3,1880.0,560.0,2080.0,Tarjeta de crédito,Salón,5.0
T1291,2024-02-07,15:18,Recoleta,23926170.0,32.0,Café,Latte de avena,3,3840.0,680.0,1560.0,TRANSFERENCIA,Delivery,
T1325,2024-10-16,09:20,VILLA URQUIZA,43413230.0,,Panes,Pan  multicereal,1,2370.0,490.0,630.0,Tarjeta de débito,Salón,5.0
T1372,2024-06-24,15:49,Palermo,35732626.0,16.0,Tortas,Torta de limón y merengue,2,5220.0,1920.0,3230.0,Mercado Pago,Salón,5.0
T1181,2024-01-05,07:44,Recoleta,24046455.0,31.0,Tortas,Torta de chocolate,1,3740.0,1260.0,370.0,Mercado Pago,Take away,5.0
T1467,2024-02-09,21:02,Villa Urquiza,23611536.0,44.0,Café,Affogato,1,3180.0,410.0,0.0,Transferencia,Salón,3.0
T1503,2024-05-13,19:45,Caballito,29160800.0,34.0,Café,Latte de avena,1,2820.0,520.0,420.0,Tarjeta de débito,Take away,4.0
T1524,2024-04-16,10:57,Belgrano,35169289.0,28.0,Tortas,Carrot cake,1,4680.0,1660.0,1170.0,Tarjeta de débito,Salón,4.0
T1374,08/01/2024,18:07,Villa Urquiza,25859068.0,19.0,Panes,Pan  multicereal,1,3770.0,840.0,380.0,Transferencia,Take away,5.0
T1204,2024-04-22,07:57,Recoleta,21965995.0,34.0,Bebidas,Limonada de jengibre,3,4300.0,970.0,,Mercado Pago,Salón,5.0
T1583,2024-03-04,15:07,Villa Urquiza,33649314.0,45.0,Panes,Pan de nuez y pasas,1,3660.0,1090.0,0.0,Efectivo,Salón,3.0
T1209,2024-10-20,13:54,Villa Urquiza,21086584.0,40.0,Tortas,Cheesecake de frutos rojos,1,4300.0,1620.0,0.0,Tarjeta de débito,Take away,
T1478,22/08/2024,20:48,palermo,23553141.0,46.0,Café,Flat white,1,3560.0,470.0,530.0,Transferencia,Take away,
T1477,2024-04-26,08:35,Belgrano,36319711.0,27.0,Café,Mocha,1,2960.0,640.0,1120.0,Tarjeta de crédito,Delivery,5.0
T1453,2024-05-14,18:54,Belgrano,21670439.0,35.0,Sandwiches,Tostado jamón y queso,1,7630.0,3150.0,1140.0,Mercado Pago,Take away,5.0
T1278,2024-05-12,21:11,Villa Urquiza,33604856.0,26.0,Bebidas,Smoothie de frutos rojos,1,4610.0,1050.0,23750.0,Transferencia,Delivery,5.0
T1415,2024-08-25,10:01,Palermo,25168186.0,26.0,tortas,Torta red velvet,1,4460.0,1710.0,1040.0,Tarjeta de crédito,Salón,5.0
T1135,2024-05-31,4:43 PM,Belgrano,,55.0,Panes,Pan integral,1,2850.0,660.0,290.0,Transferencia,Take away,
T1403,2024-03-11,12:15,Villa Urquiza,23810363.0,28.0,Bebidas,Té helado de durazno,2,$4.280,820.0,3210.0,Mercado Pago,Take away,5.0
T1532,2024-12-18,16:31,Palermo,26264347.0,33.0,Panes,Pan multicereal,1,3520.0,730.0,700.0,Tarjeta de débito,Salón,
T1333,2024-09-13,11:51,Palermo,40998107.0,16.0,Alfajores,Alfajor de chocolate,1,1900.0,660.0,760.0,Tarjeta de crédito,Take away,
T1115,2024-09-02,15:26,Caballito,39290460.0,36.0,Alfajores,Alfajor triple,2,1940.0,590.0,780.0,Efectivo,Salón,4.0
T1276,2024-04-18,09:11,Belgrano,32154185.0,29.0,Sandwiches,Sandwich de pollo y palta,1,6090.0,2120.0,910.0,Transferencia,Take away,3.0
T1574,2024-04-10,18:41,Palermo,32154280.0,20.0,Sandwiches,Bagel de salmón ahumado,1,5090.0,2280.0,2950.0,Transferencia,Salón,5.0
T1543,2024-02-19,19:53:00,Belgrano,44293794.0,21.0,Sandwiches,Club sandwich,1,6570.0,2900.0,0.0,Tarjeta de débito,Salón,5.0
T1062,2024-03-10,20:04,Recoleta,33923157.0,27.0,Panes,Pan integral,1,3280.0,870.0,530.0,Tarjeta de crédito,Delivery,5.0
T1402,2024-12-11,12:56,Palermo,23723419.0,28.0,Panes,Pan de nuez y pasas,1,3610.0,1060.0,540.0,Mercado Pago,Salón,5.0
T1149,2024-06-09,13:02,Villa Urquiza,27424726.0,27.0,Café,Affogato,1,3170.0,680.0,670.0,Tarjeta de débito,Salón,5.0
T1287,2024-07-24,16:41,Villa Urquiza,29612312.0,25.0,Alfajores,Alfajor de nuez,2,1810.0,620.0,,Transferencia,Salón,5.0
T1558,2024-05-27,18:27,Belgrano,25919045.0,45.0,Café,Flat white,2,3480.0,480.0,0.0,Tarjeta de crédito,Salón,3.0
T1434,2024-10-29,07:08,Recoleta,31706362.0,24.0,Tortas,Carrot cake,1,4290.0,1470.0,430.0,Transferencia,Salón,
T1417,2024-12-20,09:22,Belgrano,21774637.0,33.0,Tortas,Torta red velvet,1,4170.0,1290.0,1510.0,Tarjeta de crédito,Salón,5.0
T1072,2024-09-03,7:18 PM,Recoleta,23864454.0,35.0,Bebidas,Agua saborizada,2,4640.0,920.0,1940.0,Mercado Pago,Delivery,3.0
T1212,2024-02-17,12:38 PM,Villa Urquiza,36197958.0,29.0,Alfajores,Alfajor triple,1,2530.0,660.0,0.0,Efectivo,Salón,5.0
T1255,2024-04-24,18:41,Villa Urquiza,33048871.0,29.0,Bebidas,Smoothie de frutos rojos,1,4640.0,1140.0,920.0,Tarjeta de débito,Salón,5.0
T1422,2024-03-01,21:16,Palermo,22222892.0,30.0,Tortas,Torta de chocolate,2,3830.0,1280.0,1130.0,Tarjeta de crédito,Take away,5.0
T1103,2024-09-27,13:07:00,Recoleta,27973882.0,29.0,Café,Flat white,1,3750.0,720.0,480.0,Tarjeta de crédito,Salón,4.0
T1238,2024-12-04,08:42,Villa Urquiza,29058929.0,44.0,Tortas,Carrot cake,1,3960.0,1310.0,460.0,Transferencia,Take away,3.0
T1254,2024-05-26,17:16,Belgrano,22081476.0,16.0,Alfajores,Alfajor de maicena,1,2480.0,760.0,250.0,Tarjeta de crédito,Salón,5.0
T1222,03/02/2024,11:45,Villa Urquiza,33535359.0,24.0,Tortas,Carrot cake,1,3620.0,1170.0,1510.0,Tarjeta de débito,Take away,5.0
T1317,2024-11-13,10:20,Palermo,42088527.0,42.0,Tortas,Torta de chocolate,1,4700.0,1880.0,420.0,Transferencia,Take away,4.0
T1501,2024-11-13,11:41,Belgrano,20018217.0,25.0,Bebidas,Agua saborizada,2,4700.0,830.0,2270.0,Efectivo,Delivery,5.0
T1078,2024-09-19,16:06,Caballito,36906021.0,26.0,Bebidas,Jugo verde detox,1,3510.0,540.0,580.0,Tarjeta de débito,Delivery,2.0
T1167,2024-06-24,14:50,Belgrano,37485712.0,32.0,Tortas,Torta red velvet,1,4990.0,1600.0,1370.0,mercado pago,Salón,3.0
T1476,2024-03-07,09:12,Belgrano,40325563.0,46.0,Sandwiches,Tostado jamón y queso,1,5190.0,1670.0,1590.0,Mercado Pago,Salón,4.0
T1588,2024-08-05,5:32 PM,Belgrano,36094582.0,38.0,Bebidas,Limonada de jengibre,1,3690.0,990.0,2350.0,Mercado Pago,Salón,
T1193,2024-12-10,9:03 PM,Belgrano,27488847.0,43.0,Alfajores,Alfajor triple,1,2650.0,690.0,400.0,Transferencia,Delivery,
T1461,2024-04-18,16:00,Villa Urquiza,39.152.460,31.0,Bebidas,Limonada de jengibre,1,4510.0,1080.0,1230.0,Tarjeta de débito,Salón,3.0
T1391,24/10/2024,07:08,Palermo,41212931.0,44.0,Bebidas,Té helado de durazno,1,3350.0,730.0,1040.0,Transferencia,Salón,4.0
T1277,2024-03-23,17:53,Caballito,20753164.0,26.0,Bebidas,Jugo verde detox,1,3070.0,480.0,310.0,Tarjeta de débito,Salón,5.0
T1429,2024-05-19,19:50,Caballito,31948642.0,34.0,Alfajores,Alfajor de nuez,3,2050.0,520.0,1360.0,Mercado Pago,Take away,
T1201,2024-11-26,08:37,Villa Urquiza,28684579.0,34.0,Tortas,Torta de chocolate,1,5670.0,2330.0,0.0,Efectivo,Salón,3.0
T1429,2024-05-19,19:50,Caballito,31948642.0,34.0,Café,Latte de avena,1,3020.0,400.0,1360.0,Mercado Pago,Take away,
T1044,2024-08-23,18:09,Caballito,25910175.0,25.0,Sandwiches,Sandwich vegetariano,2,7310.0,2420.0,1820.0,Transferencia,Delivery,4.0
T1515,2024-11-29,19:22,Recoleta,39584578.0,37.0,Sandwiches,Sandwich vegetariano,1,5720.0,2270.0,860.0,Transferencia,takeaway,3.0
T1219,2024-10-19,16:30,Palermo,25778064.0,32.0,Tortas,Carrot cake,2,5620.0,1700.0,1570.0,Tarjeta de crédito,Salón,5.0
T1247,2024-01-01,20:05,Villa Urquiza,40772413.0,47.0,Alfajores,Alfajor triple,1,2420.0,720.0,460.0,Tarjeta de crédito,Take away,5.0
T1242,2024-05-17,21:46:00,Palermo,32503124.0,38.0,Panes,Pan de campo,2,2470.0,780.0,0.0,Tarjeta de crédito,Salón,4.0
T1416,2024-02-04,16:47,Recoleta,39497331.0,35.0,Sandwiches,Tostado jamón y queso,1,6420.0,,1080.0,Mercado Pago,Take away,
T1248,2024-12-02,12:45,Caballito,23825989.0,33.0,Bebidas,Smoothie de frutos rojos,1,3930.0,640.0,590.0,Efectivo,Take away,4.0
T1483,2024-12-04,21:33,Recoleta,34069551.0,31.0,Panes,Pan de nuez y pasas,1,3450.0,,1640.0,Mercado Pago,Take away,5.0
T1433,2024-09-06,19:07,Villa Urquiza,42650066.0,37.0,Alfajores,Alfajor de chocolate,1,2360.0,710.0,0.0,Mercado Pago,Take away,5.0
T1213,2024-07-20,16:35,Caballito,25153623.0,35.0,Bebidas,Jugo verde detox,1,3820.0,680.0,570.0,efectivo,Salón,4.0
T1051,2024-01-27,11:55,Caballito,23828129.0,23.0,Panes,Pan de campo,1,3320.0,900.0,1430.0,Efectivo,Salón,3.0
T1118,2024-10-30,16:09,Belgrano,42103407.0,16.0,Café,Flat white,1,4040.0,500.0,370.0,Transferencia,Take away,5.0
T1077,2024-03-07,15:16,Belgrano,23688516.0,22.0,Alfajores,Alfajor de maicena,1,$2.620,860.0,0.0,efectivo,Salón,4.0
T1588,2024-08-05,17:32,Belgrano,36094582.0,38.0,Bebidas,Limonada de jengibre,2,4210.0,1040.0,2350.0,Mercado Pago,Salón,
T1182,2024-07-14,19:52,Belgrano,41527723.0,33.0,Alfajores,Alfajor de nuez,1,2750.0,720.0,850.0,Tarjeta de débito,Salón,5.0
T1525,2024-08-09,13:23,Caballito,30637440.0,33.0,Bebidas,Limonada de jengibre,1,3610.0,940.0,360.0,Tarjeta de crédito,Salón,4.0
T1552,03/09/2024,07:48,Caballito,,35.0,Alfajores,Alfajor triple,1,2210.0,570.0,0.0,Efectivo,Take away,
T1392,2024-07-29,10:11,Villa Urquiza,43208713.0,16.0,Tortas,Torta de limón y merengue,1,5750.0,2320.0,500.0,Efectivo,Take away,5.0
T1180,03/06/2024,09:55,Recoleta,23131970.0,26.0,Panes,Pan integral,2,3510.0,700.0,1790.0,Tarjeta de crédito,Salón,4.0
T1126,2024-02-26,13:37,Recoleta,44337841.0,42.0,Café,Espresso tonic,1,3140.0,530.0,,Efectivo,Take away,4.0
T1528,2024-01-07,14:41,Villa Urquiza,25009043.0,53.0,Panes,Pan de nuez y pasas,1,3370.0,860.0,0.0,Mercado Pago,Salón,5.0
T1520,2024-04-11,10:18,Belgrano,27346576.0,38.0,Panes,Pan de masa madre,2,2240.0,690.0,1980.0,Tarjeta de crédito,Take away,4.0
T1036,2024-07-31,13:21,Villa Urquiza,35633825.0,41.0,Café,Mocha,2,2830.0,500.0,0.0,Mercado Pago,Salón,5.0
T1410,2024-09-16,12:41,Recoleta,35901803.0,42.0,Bebidas,Té helado de durazno,2,4360.0,1180.0,2580.0,Tarjeta de crédito,Delivery,5.0
T1404,2024-12-29,15:43,Villa Urquiza,29806764.0,43.0,Tortas,Cheesecake de frutos rojos,2,4640.0,1680.0,,Mercado Pago,Take away,5.0
T1445,2024-06-09,12:53:00,Villa Urquiza,,31.0,Alfajores,Alfajor triple,1,2750.0,830.0,1300.0,Mercado Pago,Take away,5.0
T1214,2024-11-22,11:05,Caballito,23875836.0,23.0,Sandwiches,Tostado jamón y queso,1,7260.0,2470.0,1590.0,Tarjeta de crédito,Take away,5.0
T1085,2024-06-08,18:20,Villa Urquiza,sin dato,40.0,Alfajores,Alfajor de nuez,2,2100.0,550.0,1250.0,Efectivo,Take away,4.0
T1041,2024-07-07,09:38,Villa Urquiza,44104068.0,40.0,Café,Flat white,1,4190.0,880.0,630.0,Efectivo,Take away,4.0
T1233,2024-04-17,19:49,Belgrano,39336711.0,,Café,Cappuccino,1,3750.0,810.0,750.0,Tarjeta de débito,Salón,5.0
T1289,2024-05-21,19:25,Recoleta,42470129.0,48.0,Bebidas,Limonada de jengibre,1,4560.0,1110.0,680.0,Mercado Pago,Salón,4.0
T1189,2024-12-07,18:42,Belgrano,24007842.0,35.0,Sandwiches,Club sandwich,2,6210.0,2200.0,2480.0,,Take away,5.0
T1104,2024-05-29,13:00,Villa Urquiza,,24.0,Café,Latte de avena,1,2900.0,500.0,430.0,Tarjeta de débito,Take away,4.0
T1076,2024-01-11,07:50,Recoleta,28172815.0,17.0,Café,Cold brew,2,3680.0,530.0,1180.0,Tarjeta de débito,Take away,4.0
T1240,2024-02-26,20:36,Caballito,25.004.458,32.0, Sandwiches ,Tostado jamón y queso,3,6010.0,2130.0,5750.0,Efectivo,Take away,3.0
T1602,2024-10-08,18:16,VILLA URQUIZA,31654780.0,16.0,Tortas,Carrot cake,3,4460.0,1610.0,4380.0,Tarjeta de crédito,Salón,5.0
T1499,2024-05-02,19:38,Villa Urquiza,27935325.0,47.0,Café,Espresso tonic,1,3810.0,670.0,0.0,,Salón,5.0
T1384,2024-10-21,07:32,Caballito,36043696.0,32.0,Alfajores,Alfajor de maicena,3,2420.0,690.0,1690.0,Mercado Pago,Salón,5.0
T1450,2024-11-24,17:11,Caballito,41511706.0,16.0,Café,Flat white,1,2970.0,570.0,0.0,Tarjeta de débito,Salón,4.0
T1508,2024-05-20,10:54,Palermo,43252745.0,49.0,Café,Cappuccino,1,3540.0,440.0,1290.0,Transferencia,Take away,5.0
T1546,2024-08-17,13:32,Belgrano,36891973.0,40.0,Tortas,Torta red velvet,1,4040.0,1330.0,200.0,Transferencia,Take away,1.0
T1613,2024-04-26,13:24,Belgrano,31.855.113,36.0,Bebidas,Limonada de jengibre,3,3840.0,690.0,580.0,Tarjeta de crédito,Salón,
T1419,2024-03-24,08:13,Belgrano,36890727.0,35.0,Tortas,Carrot cake,1,4560.0,1820.0,1340.0,Tarjeta de débito,Take away,5.0
T1477,2024-04-26,08:35,Belgrano,36319711.0,27.0,Café,Latte de avena,2,4140.0,860.0,1120.0,Tarjeta de crédito,Delivery,5.0
T1069,2024-09-04,08:15,Caballito,39190541.0,32.0,Bebidas,Agua saborizada,1,3470.0,830.0,0.0,Tarjeta de crédito,Take away,
T1476,2024-03-07,09:12,Belgrano,40.325.563,46.0,Café,Flat white,1,4010.0,530.0,1590.0,Mercado Pago,Salón,4.0
T1101,2024-04-23,20:28,Recoleta,20894903.0,41.0,Tortas,Torta red velvet,1,4020.0,1250.0,600.0,Mercado Pago,Salón,5.0
T1455,2024-04-15,16:13,Recoleta,,40.0,Sandwiches,Sandwich vegetariano,1,5280.0,1860.0,260.0,Tarjeta de débito,Salón,4.0
T1409,2024-01-18,17:20,Recoleta,24964184.0,26.0,Alfajores,Alfajor triple,3,1970.0,600.0,520.0,Tarjeta de crédito,Salón,
T1315,2024-04-08,07:44,Caballito,32018106.0,25.0,Café,Latte de avena,1,3290.0,680.0,340.0,Tarjeta de débito,Salón,2.0
T1407,2024-06-04,16:08,Recoleta,25762541.0,35.0,Tortas,Cheesecake de frutos rojos,1,4310.0,1380.0,430.0,Tarjeta de crédito,Salón,4.0
T1550,2024-04-14,10:32,Palermo,34302234.0,25.0,Panes,Pan de nuez y pasas,1,2700.0,690.0,270.0,Mercado Pago,Salón,5.0
T1098,2024-03-11,09:04,Recoleta,23393720.0,36.0,Panes,Pan de masa madre,1,2560.0,700.0,520.0,Transferencia,Take away,5.0
T1393,2024-10-03,15:14,Caballito,41020651.0,17.0,Bebidas,Agua  saborizada,1,3850.0,1040.0,800.0,Tarjeta de débito,Salón,4.0
T1401,2024-12-26,17:00,Palermo,32914405.0,29.0,Bebidas,Jugo verde detox,2,3920.0,990.0,2840.0,Tarjeta de crédito,Salón,4.0
T1501,2024-11-13,11:41,Belgrano,20018217.0,25.0,Café,Latte de avena,2,2870.0,510.0,2270.0,Efectivo,Delivery,5.0
T1182,2024-07-14,19:52,Belgrano,,33.0,Panes,Pan integral,1,2900.0,840.0,850.0,Tarjeta de débito,Salón,5.0
T1203,2024-11-25,21:51,Villa Urquiza,28360011.0,27.0,Café,Latte de avena,1,3380.0,510.0,0.0,Transferencia,Take away,
T1136,2024-04-30,2:48 PM,Recoleta,31060389.0,16.0,Sandwiches,Tostado jamón y queso,1,4710.0,1700.0,470.0,Tarjeta de crédito,Take away,5.0
T1397,2024-08-22,13:10,Recoleta,27377061.0,39.0,Alfajores,Alfajor de nuez,1,2750.0,820.0,0.0,Tarjeta de crédito,Take away,5.0
T1437,2024-06-21,14:32:00,Recoleta,25591081.0,22.0,Bebidas,Limonada de jengibre,1,4430.0,830.0,440.0,Transferencia,Salón,
T1138,06/11/2024,12:26, Villa Urquiza ,35798368.0,42.0,Bebidas,Smoothie de frutos rojos,1,3130.0,490.0,760.0,Transferencia,Take away,5.0
T1516,2024-12-13,09:03,Belgrano,37015716.0,,Panes,Pan de masa madre,1,3770.0,1060.0,570.0,Transferencia,Take away,4.0
T1227,2024-02-25,14:04:00,Recoleta,29277238.0,35.0,Tortas,Torta de limón y merengue,1,4430.0,1400.0,390.0,Tarjeta de crédito,Take away,4.0
T1551,2024-11-21,10:17,Caballito,22684890.0,29.0,Café,Espresso tonic,2,3900.0,790.0,390.0,Tarjeta de crédito,Salón,4.0
T1617,2024-09-03,18:26,Villa Urquiza,41360891.0,39.0,Café,Espresso tonic,2,3960.0,560.0,1350.0,Tarjeta de crédito,Salón,
T1548,2024-07-31,5:52 PM,Recoleta,20795016.0,31.0,Café,Flat white,1,4160.0,600.0,420.0,Tarjeta de débito,Take away,4.0
T1026,2024-07-29,19:42,Belgrano,28952514.0,33.0,Tortas,Torta red velvet,1,4310.0,1640.0,530.0,Tarjeta de débito,Take away,3.0
T1508,2024-05-20,10:54,Palermo,43252745.0,49.0,Sandwiches,Bagel de salmón ahumado,1,7290.0,2450.0,1290.0,Transferencia,Take away,5.0
T1241,2024-07-03,19:43,Recoleta,,27.0,Panes,Pan de masa madre,2,2860.0,900.0,570.0,Efectivo,Salón,5.0
T1161,2024-02-09,12:16,Belgrano,44189371.0,48.0,Sandwiches,Sandwich de pollo y palta,1,7630.0,3060.0,760.0,Mercado Pago,Take away,4.0
T1306,2024-09-24,20:48,Belgrano,31538863.0,39.0,Alfajores,Alfajor triple,1,1810.0,510.0,1390.0,Tarjeta de crédito,Salón,1.0
T1440,2024-11-17,18:33,Belgrano,39355649.0,33.0,Alfajores,Alfajor triple,1,2830.0,880.0,260.0,Mercado Pago,Salón,
T1448,2024-04-30,11:13,Belgrano,34725223.0,26.0,Tortas,Torta red velvet,2,5490.0,2270.0,1650.0,Tarjeta de crédito,Take away,5.0
T1570,2024-09-12,17:29,Belgrano,40181830.0,36.0,Bebidas,Limonada de jengibre,1,4020.0,1120.0,0.0,Tarjeta de crédito,Salón,5.0
T1121,2024-05-06,09:06,Palermo,29737898.0,23.0,Panes,Pan multicereal,2,4070.0,910.0,1420.0,Mercado Pago,Take away,4.0
T1159,2024-08-15,12:48,Recoleta,23430317.0,16.0,Café,Espresso tonic,2,3980.0,480.0,550.0,Tarjeta de débito,Salón,4.0
T1488,2024-08-20,08:09,Caballito,33826202.0,35.0,Panes,Pan integral,1,2360.0,590.0,120.0,Efectivo,Salón,4.0
T1331,2024-05-18,07:29,Palermo,22234651.0,40.0,Panes,Pan integral,2,3220.0,990.0,1760.0,Mercado Pago,Take away,5.0
T1545,2024-10-18,09:16,Palermo,40128201.0,19.0,Sandwiches,Bagel de salmón ahumado,1,4720.0,2070.0,1660.0,Tarjeta de crédito,Delivery,5.0
T1392,2024-07-29,10:11,Villa Urquiza,43208713.0,16.0,Tortas,Torta red velvet,1,4300.0,1410.0,500.0,Efectivo,Take away,5.0
T1180,2024-06-03,09:55,Recoleta,23131970.0,26.0,Alfajores,Alfajor de maicena,1,1950.0,620.0,1790.0,Tarjeta de crédito,Salón,4.0
T1336,2024-07-29,11:28,Recoleta,25098832.0,48.0,Panes,Pan de masa madre,1,3570.0,1010.0,1020.0,Tarjeta de débito,Salón,4.0
T1239,2024-09-24,10:22,Caballito,29910341.0,32.0,Alfajores,Alfajor triple,1,2060.0,530.0,310.0,Tarjeta de débito,Salón,5.0
T1340,2024-07-17,15:48,Palermo,26370320.0,43.0,Sandwiches,Bagel de salmón ahumado,1,5050.0,2220.0,1440.0,Tarjeta de crédito,Salón,
T1517,2024-12-21,18:29,Villa Urquiza,43233553.0,40.0,Sandwiches,Bagel de salmón ahumado,1,5580.0,2420.0,840.0,Tarjeta de crédito,Take away,5.0
T1170,2024-07-06,12:12 PM,Caballito,23823694.0,19.0,Sandwiches,Club sandwich,1,6450.0,2330.0,2530.0,Tarjeta de crédito,Take away,5.0
T1278,2024-05-12,21:11,Villa Urquiza,,26.0,Café,Affogato,1,3950.0,680.0,1250.0,Transferencia,Delivery,5.0
T1410,2024-09-16,12:41,Recoleta,35901803.0,42.0,Café,Flat white,1,3260.0,670.0,2580.0,TARJETA DE CRÉDITO,Delivery,5.0
T1166,2024-10-21,10:28,Recoleta,33124284.0,36.0,Sandwiches,Sandwich de pollo y palta,1,6090.0,2680.0,1690.0,Mercado Pago,Take away,5.0
T1593,21/07/2024,12:19,Recoleta,34.372.754,25.0,Bebidas,Agua saborizada,1,3280.0,680.0,1640.0,Tarjeta de débito,Salón,4.0
T1080,2024-02-28,20:41,Villa Urquiza,44187373.0,32.0,Alfajores,Alfajor de nuez,1,2260.0,660.0,110.0,Tarjeta de débito,Salón,
T1387,2024-10-30,10:31,Caballito,22113681.0,31.0,Tortas,Carrot cake,2,$3.770,1430.0,1200.0,Transferencia,Take away,5.0
T1600,2024-09-08,12:21,Recoleta,23742279.0,33.0,Café,Espresso tonic,1,3710.0,550.0,1430.0,Efectivo,Take away,5.0
T1162,2024-06-17,14:21,Caballito,41845171.0,17.0,Sandwiches,Bagel de salmón ahumado,2,7690.0,2790.0,0.0,Transferencia,Salón,4.0
T1379,2024-02-04,07:26,Palermo,,50.0,Café,Mocha,1,4140.0,740.0,0.0,Efectivo,Take away,4.0
T1388,13/03/2024,14:41,Palermo,35811507.0,26.0,Panes,Pan de campo,2,4010.0,850.0,5000.0,Transferencia,Salón,5.0
T1061,2024-09-12,21:45,Recoleta,37074911.0,17.0,Alfajores,Alfajor de chocolate,3,2220.0,670.0,0.0,Tarjeta de crédito,Salón,5.0
T1029,2024-06-09,17:54,Palermo,44150945.0,27.0,Bebidas,Smoothie de frutos rojos,1,3940.0,930.0,200.0,Tarjeta de crédito,Salón,5.0
T1325,2024-10-16,09:20,Villa Urquiza,43413230.0,32.0,Alfajores,Alfajor de maicena,1,2040.0,590.0,630.0,Tarjeta de débito,Salón,5.0
T1151,2024-11-24,07:33,Palermo,22494114.0,19.0,Panes,Pan de campo,1,3610.0,940.0,2030.0,Efectivo,Take away,4.0
T1154,2024-12-22,10:19,Palermo,41935730.0,42.0,Bebidas,Smoothie de frutos rojos,2,3960.0,640.0,650.0,Efectivo,Salón,4.0
T1082,2024-10-14,15:21,Palermo,33784450.0,47.0,Bebidas,Limonada de jengibre,1,4650.0,910.0,0.0,Tarjeta de crédito,Take away,
T1400,2024-11-27,08:01,Caballito,42449109.0,36.0,Cafe,Flat white,1,42600.0,570.0,540.0,Tarjeta de crédito,Salón,5.0
T1615,2024-04-02,17:27,Belgrano,42389979.0,31.0,Sandwiches,Bagel de salmón ahumado,3,6680.0,2840.0,1610.0,Tarjeta de crédito,Take away,4.0
T1523,2024-07-17,19:56,Villa Urquiza,32558286.0,35.0,Café,Cappuccino,2,3760.0,700.0,2710.0,Mercado Pago,Salón,4.0
T1062,2024-03-10,20:04,Recoleta,33923157.0,27.0,Sandwiches,Sandwich vegetariano,1,7260.0,2950.0,530.0,Tarjeta de crédito,Delivery,5.0
T1618,2024-02-14,10:23,Palermo,26820933.0,16.0,Tortas,Torta de chocolate,1,5600.0,2250.0,560.0,Efectivo,Salón,5.0
T1449,2024-08-29,18:26,Recoleta,44071480.0,38.0,Bebidas,Smoothie de frutos rojos,1,3860.0,880.0,720.0,Mercado Pago,Take away,5.0
T1075,2024-12-19,12:13,Caballito,34921516.0,46.0,Tortas,Carrot cake,1,3710.0,1400.0,700.0,Tarjeta de débito,Take away,3.0
T1536,2024-07-19,16:52,Belgrano,33926859.0,24.0,Alfajores,Alfajor de chocolate,1,2570.0,820.0,260.0,Tarjeta de débito,Salón,5.0
T1416,2024-02-04,16:47,Recoleta,39497331.0,35.0,Alfajores,Alfajor de maicena,2,2210.0,560.0,1080.0,Mercado Pago,Take away,
T1342,2024-12-30,21:12,Caballito,23025927.0,54.0,panes,Pan de campo,2,2380.0,660.0,2250.0,Tarjeta de crédito,Salón,5.0
T1056,2024-02-11,16:02:00,Caballito,44646868.0,41.0,Bebidas,Jugo verde detox,1,4000.0,1000.0,600.0,Tarjeta de crédito,Take away,2.0
T1171,2024-05-02,11:07,Belgrano,32526073.0,30.0,Alfajores,Alfajor de nuez,1,2000.0,640.0,400.0,Tarjeta de débito,Salón,4.0
T1598,2024-04-28,10:21,Caballito,36079124.0,,Sandwiches,Sandwich vegetariano,1,5430.0,2030.0,1090.0,Efectivo,Salón,5.0
T1349,2024-02-25,16:46,Villa Urquiza,22941708.0,29.0,Bebidas,Smoothie de frutos rojos,15,3730.0,690.0,1620.0,Mercado Pago,Take away,5.0
T1026,2024-07-29,19:42,Belgrano,28952514.0,33.0,Panes,Pan de masa madre,1,2250.0,540.0,530.0,Tarjeta de débito,Take away,3.0
T1529,24/08/2024,12:50,Palermo,30505048.0,34.0,Alfajores,Alfajor de nuez,1,2740.0,720.0,550.0,Tarjeta de débito,Salón,
T1194,2024-08-21,07:23,Belgrano,29784307.0,39.0,Sandwiches,Club sandwich,3,7710.0,,3470.0,Transferencia,Take away,5.0
T1242,2024-05-17,21:46, Palermo ,32503124.0,38.0,panes,Pan de campo,1,3030.0,900.0,0.0,Tarjeta de crédito,Salón,4.0
T1573,2024-10-24,20:51,Palermo,43809806.0,31.0,Bebidas,Agua saborizada,1,3490.0,620.0,350.0,Tarjeta de crédito,Salón,4.0
T1384,2024-10-21,07:32,Caballito,36043696.0,32.0,Tortas,Torta de limón y merengue,1,4020.0,1540.0,1690.0,Mercado Pago,Salón,5.0
T1010,2024-07-04,21:53,Recoleta,28034686.0,16.0,Bebidas,Agua saborizada,3,4390.0,960.0,,Efectivo,Salon,5.0
T1108,2024-09-11,18:31,Recoleta,37424006.0,46.0,Café,Affogato,1,3070.0,400.0,310.0,Tarjeta de crédito,Take away,5.0
T1617,2024-09-03,18:26,Villa Urquiza,41360891.0,39.0,Café,Affogato,1,3150.0,600.0,1350.0,Tarjeta de crédito,Salón,
T1412,2024-12-09,08:32,caballito,26524660.0,38.0,Bebidas,Smoothie de frutos rojos,2,3680.0,760.0,1320.0,Mercado Pago,Salón,5.0
T1381,2024-12-07,19:49,Recoleta,28634783.0,29.0,Alfajores,Alfajor triple,1,2900.0,960.0,0.0,Tarjeta de débito,Take away,4.0
T1379,2024-02-04,07:26,Palermo,37624944.0,50.0,Sandwiches,Tostado jamón y queso,1,4610.0,1510.0,0.0,Efectivo,Take away,4.0
T1494,2024-03-17,20:46,Recoleta,22996913.0,43.0,Alfajores,Alfajor triple,3,2400.0,810.0,1440.0,Transferencia,Take away,4.0
T1211,2024-02-21,20:30,Villa Urquiza,41842913.0,31.0,Sandwiches,Sandwich de pollo y palta,3,5550.0,1830.0,0.0,Tarjeta de débito,Salón,3.0
T1366,2024-06-11,11:36,Recoleta,34587018.0,30.0,Café,Flat white,1,2800.0,610.0,1640.0,Tarjeta de crédito,Delivery,5.0
T1059,2024-09-20,8:00 PM,Villa Urquiza,35501353.0,34.0,Sandwiches,Bagel de salmón ahumado,1,7410.0,2400.0,0.0,Mercado Pago,Salón,5.0
T1313,2024-03-02,13:50,Belgrano,20299636.0,38.0,Bebidas,Jugo verde detox,3,3580.0,890.0,720.0,Efectivo,Take away,5.0
T1480,2024-04-13,14:26,Palermo,28231441.0,29.0,Sandwiches,Bagel de salmón ahumado,1,5690.0,1930.0,,Mercado Pago,Salón,5.0
T1343,2024-11-09,09:24,Villa Urquiza,32771052.0,27.0,Bebidas,Té helado de durazno,1,3280.0,820.0,580.0,Efectivo,Take away,
T1217,2024-12-15,13:12,Belgrano,39966486.0,34.0,Tortas,Carrot cake,1,4780.0,1930.0,0.0,Tarjeta de crédito,Salón,5.0
T1486,2024-09-16,12:07,Palermo,41842674.0,29.0,Sandwiches,Tostado jamón y queso,3,7160.0,2820.0,2150.0,Efectivo,Salón,5.0
T1441,2024-03-18,18:43,Recoleta,34609223.0,26.0,Panes,Pan integral,1,2730.0,600.0,270.0,Mercado Pago,Salón,5.0
T1047,2024-12-30,14:28,Palermo,23122352.0,32.0,Café,Latte de avena,1,3510.0,570.0,180.0,Tarjeta de crédito,Salón,5.0
T1226,2024-11-25,11:27,Caballito,31700739.0,26.0, Café ,Cappuccino,1,3680.0,810.0,0.0,Mercado Pago,Salón,5.0
T1620,14/01/2024,18:27,Recoleta,21814735.0,20.0,Tortas,Torta de limón y merengue,1,5410.0,2120.0,400.0,Efectivo,Take away,3.0
T1112,2024-10-14,08:16,Recoleta,43623588.0,36.0,Alfajores,Alfajor de chocolate,2,1930.0,570.0,2650.0,Mercado Pago,Salón,5.0
T1469,2024-12-10,08:27,Villa Urquiza,20601135.0,46.0,Alfajores,Alfajor de nuez,3,2760.0,860.0,790.0,Efectivo,Salón,1.0
T1346,2024-01-26,09:09,Palermo,,27.0,Café,Latte de avena,1,3300.0,430.0,,Tarjeta de crédito,Salón,
T1294,2024-11-10,07:48,Villa Urquiza,21418115.0,30.0,Café,Affogato,3,3430.0,420.0,2030.0,Mercado Pago,Salón,4.0
T1362,2024-06-15,14:31:00,Palermo,22193292.0,36.0,Bebidas,Limonada de jengibre,1,3550.0,900.0,1000.0,Mercado Pago,Salón,5.0
T1566,2024-02-29,14:42,Villa Urquiza,28083316.0,16.0,Tortas,Torta de chocolate,2,4500.0,1440.0,0.0,Tarjeta de débito,Salón,5.0
T1310,15/03/2024,07:17,Caballito,22395272.0,37.0,Alfajores,Alfajor de chocolate,1,2610.0,770.0,650.0,Transferencia,Salón,4.0
T1371,2024-03-13,18:46,VILLA URQUIZA,29375791.0,21.0,Bebidas,Jugo verde detox,1,4360.0,680.0,780.0,Mercado Pago,Salón,5.0
T1001,2024-11-23,08:01,Recoleta,28217207.0,36.0,Café,Flat white,1,3690.0,480.0,1060.0,Tarjeta de débito,Salón,3.0
T1390,2024-03-11,12:53,belgrano,21529630.0,47.0,Alfajores,Alfajor de chocolate,1,2570.0,760.0,260.0,Transferencia,Salón,3.0
T1128,2024-02-01,18:08,Villa Urquiza,26957233.0,37.0,Bebidas,Smoothie de frutos rojos,1,4040.0,740.0,2010.0,Transferencia,Salón,5.0
T1308,2024-11-22,14:39,Caballito,29131306.0,39.0,Café,Flat white,1,3080.0,450.0,150.0,Transferencia,Salón,4.0
T1611,2024-11-25,21:02,Belgrano,28333006.0,46.0,Tortas,Cheesecake de frutos rojos,2,3820.0,1560.0,2570.0,Efectivo,Salón,
T1147,2024-01-21,20:04,Belgrano,39716036.0,37.0,Bebidas,Agua saborizada,1,4550.0,,1460.0,Transferencia,Salón,4.0
T1122,2024-05-03,10:37,Recoleta,21632696.0,33.0,Bebidas,Agua saborizada,1,3490.0,570.0,2160.0,Efectivo,Salón,5.0
T1403,2024-03-11,12:15,Villa Urquiza,23810363.0,28.0,Sandwiches,Bagel de salmón ahumado,1,6100.0,2050.0,3210.0,Mercado Pago,Take away,5.0
T1081,2024-12-06,11:23:00,Belgrano,43045889.0,22.0,Tortas,Torta red velvet,1,5370.0,1990.0,1070.0,Mercado Pago,Salón,5.0
T1249,2024-03-25,14:08,Caballito,23589032.0,,Tortas,Carrot cake,1,4550.0,1640.0,1910.0,Tarjeta de crédito,Take away,4.0
T1307,2024-07-12,10:16,Palermo,34168002.0,32.0,Bebidas,Smoothie de frutos rojos,2,3480.0,890.0,970.0,Tarjeta de débito,Salón,5.0
T1482,2024-01-06,18:51,Villa Urquiza,22334757.0,24.0,Panes,Pan de nuez y pasas,1,2320.0,660.0,0.0,Efectivo,Salón,4.0
T1514,2024-01-07,16:45,Palermo,39893969.0,50.0,Sandwiches,Bagel de salmón ahumado,1,6090.0,2100.0,1260.0,Tarjeta de debito,Delivery,3.0
T1113,2024-06-12,17:22,Palermo,38454841.0,190.0,Bebidas,Té helado de durazno,1,4350.0,720.0,0.0,Transferencia,Salón,4.0
T1099,2024-08-15,16:18,Caballito,27851835.0,22.0,Panes,Pan multicereal,1,3560.0,900.0,490.0,Transferencia,Salón,
T1468,2024-04-03,20:25,Palermo,22794767.0,23.0,Alfajores,Alfajor de nuez,1,2490.0,860.0,380.0,Mercado Pago,Take away,4.0
T1234,2024-07-15,07:02,Villa Urquiza,26691231.0,27.0,CAFÉ,Cold brew,1,2830.0,550.0,280.0,Tarjeta de crédito,Delivery,
T1485,2024-09-18,15:19,Villa Urquiza,31432292.0,41.0,Sandwiches,Tostado jamón y queso,1,7250.0,2720.0,3010.0,Tarjeta de débito,Salón,
T1320,2024-05-07,16:40,Belgrano,38737582.0,46.0,Panes,Pan de nuez y pasas,1,3000.0,660.0,980.0,Transferencia,Salón,3.0
T1521,2024-04-17,11:29,Belgrano,32403082.0,30.0,Café,Cappuccino,1,4270.0,530.0,550.0,Tarjeta de crédito,Take away,
T1074,2024-08-20,12:42,Villa Urquiza,34063560.0,39.0,Tortas,Carrot cake,3,4920.0,1640.0,2210.0,Transferencia,Take away,4.0
T1593,2024-07-21,12:19,Recoleta,34372754.0,25.0,Alfajores,Alfajor triple,1,2790.0,750.0,1640.0,Tarjeta de débito,Salón,4.0
T1175,27/06/2024,20:52,Palermo,34732741.0,26.0,Panes,Pan de nuez y pasas,1,2480.0,560.0,0.0,Efectivo,Take away,4.0
T1240,2024-02-26,20:36,Caballito,25004458.0,32.0,Tortas,Torta de chocolate,2,5370.0,,5750.0,Efectivo,Take away,3.0
T1342,2024-12-30,21:12,Caballito,23025927.0,54.0,Tortas,Torta de limón y merengue,2,5130.0,2140.0,2250.0,Tarjeta de crédito,Salón,5.0
T1469,2024-12-10,08:27,Villa Urquiza,20601135.0,46.0,Alfajores,Alfajor triple,3,2480.0,710.0,790.0,Efectivo,Salón,1.0
T1053,2024-05-02,09:35,Palermo,25252363.0,41.0,Tortas,Cheesecake de frutos rojos,1,4160.0,1680.0,620.0,Efectivo,Salón,5.0
T1620,2024-01-14,6:27 PM,Recoleta,21814735.0,20.0,Panes,Pan de campo,1,2490.0,570.0,400.0,Efectivo,Take away,3.0
T1577,2024-11-26,18:27,Recoleta,39173777.0,29.0,Café,Affogato,1,4020.0,690.0,0.0,Tarjeta de débito,Salón,3.0
T1580,2024-09-24,9:22 PM,Villa Urquiza,38059313.0,29.0,Panes,Pan de campo,1,2580.0,770.0,880.0,Transferencia,Salón,3.0
T1398,24/08/2024,11:00,Caballito,44702063.0,20.0,Café,Cold brew,2,4170.0,670.0,0.0,Tarjeta de débito,Salón,4.0
T1274,2024-05-20,20:47,Recoleta,39415649.0,34.0,Café,Mocha,1,4150.0,600.0,830.0,Transferencia,Take away,4.0
T1427,11/12/2024,14:43,Palermo,33.299.962,42.0,Alfajores,Alfajor de nuez,3,2560.0,830.0,380.0,Mercado Pago,Salón,5.0
T1312,2024-09-03,17:19,Belgrano,32093911.0,32.0,Bebidas,Agua saborizada,1,3550.0,660.0,360.0, Efectivo ,Take away,4.0
T1563,2024-07-24,18:53,Belgrano,20861692.0,33.0,Panes,Pan multicereal,1,3100.0,940.0,1000.0, Transferencia ,Salón,5.0
T1425,2024-08-26,08:33,Belgrano,36636824.0,33.0,Sandwiches,Bagel de salmón ahumado,1,4880.0,1940.0,240.0,Tarjeta de crédito,Take away,5.0
T1466,2024-01-21,15:21,Caballito,42697561.0,28.0,Café,Mocha,1,3770.0,630.0,3390.0,Tarjeta de débito,Take away,5.0
T1545,2024-10-18,09:16,Palermo,40128201.0,19.0,Bebidas,Té helado de durazno,1,3560.0,940.0,1660.0,Tarjeta de crédito,Delivery,5.0
T1191,2024-10-17,09:23,Belgrano,28560275.0,23.0,Bebidas,Jugo verde detox,2,3000.0,450.0,300.0,Efectivo,Take away,5.0
T1158,2024-05-06,18:04,Palermo,28991649.0,39.0,Alfajores,Alfajor triple,1,2200.0,760.0,0.0,Tarjeta de débito,Salón,5.0
T1143,09/01/2024,10:13 AM,Palermo,23385531.0,16.0,Panes,Pan de campo,3,2480.0,570.0,1900.0,Transferencia,Salón,5.0
T1420,2024-01-09,14:22,Recoleta,43187813.0,150.0,Bebidas,Limonada de jengibre,2,3380.0,570.0,670.0,Tarjeta de crédito,Salón,4.0
T1511,2024-01-28,20:21,Villa Urquiza,27943799.0,57.0,Tortas,Carrot cake,2,4220.0,1300.0,1860.0,Efectivo,Take away,5.0
T1206,2024-11-04,10:01,Villa Urquiza,36038649.0,17.0,Sandwiches,Tostado jamón y queso,2,7530.0,2730.0,4950.0,Efectivo,Salón,5.0
T1614,2024-05-24,12:04,Villa Urquiza,31197945.0,34.0,Tortas,Torta de limón y merengue,1,3850.0,1310.0,,Efectivo,Salón,
T1219,2024-10-19,16:30,Palermo,25778064.0,32.0,Alfajores,Alfajor de maicena,2,2240.0,710.0,1570.0,Tarjeta de crédito,Salón,5.0
T1246,2024-04-24,15:41,Caballito,33531730.0,44.0,Bebidas,Limonada de jengibre,1,3170.0,710.0,1160.0,Tarjeta de débito,Salón,4.0
T1019,2024-10-18,10:37,Villa Urquiza,21333508.0,31.0,Alfajores,Alfajor de chocolate,1,2540.0,720.0,0.0,Transferencia,Salón,5.0
T1524,2024-04-16,10:57,Belgrano,35169289.0,28.0,Café,Cold brew,1,4200.0,740.0,1170.0,Tarjeta de débito,Salón,4.0
T1590,2024-05-28,11:30,Recoleta,28883562.0,33.0,Sandwiches,Club sandwich,1,7220.0,2750.0,720.0,Tarjeta de débito,Salón,5.0
T1521,17/04/2024,11:29:00,Belgrano,32403082.0,30.0,Café,Cappuccino,1,4120.0,550.0,550.0,Tarjeta de crédito,Take away,
T1575,2024-07-25,10:02,Palermo,28081766.0,29.0,Bebidas,Agua saborizada,1,3620.0,580.0,1100.0,Mercado Pago,Salón,5.0
T1266,2024-10-07,08:19,Belgrano,44878278.0,41.0,Café,Cappuccino,1,3770.0,710.0,570.0,Tarjeta de crédito,Salón,
T1142,2024-10-02,13:33,Belgrano,44422866.0,25.0,Sandwiches,Tostado jamón y queso,3,5410.0,2240.0,2640.0,Tarjeta de débito,Take away,5.0
T1293,2024-06-30,10:57,Villa Urquiza,29028685.0,21.0,Panes,Pan de masa madre,2,3870.0,940.0,770.0,Tarjeta de débito,Delivery,5.0
T1565,2024-07-16,11:38,Belgrano,43888808.0,27.0,Bebidas,Jugo verde detox,1,3050.0,490.0,0.0,Tarjeta de débito,Take away,
T1368,2024-08-31,09:12,Villa Urquiza,32904868.0,42.0,Panes,Pan integral,2,3920.0,1110.0,2340.0,tarjeta de crédito,Take away,4.0
T1153,2024-02-19,15:09,Belgrano,26440171.0,53.0,Alfajores,Alfajor de maicena,1,2210.0,680.0,220.0,Transferencia,Salón,5.0
T1292,2024-10-27,20:01,Caballito,23901316.0,23.0,Café,Flat white,1,3850.0,570.0,2080.0,Tarjeta de crédito,Salón,5.0
T1538,2024-06-15,13:28,Belgrano,28481440.0,35.0,Bebidas,Agua saborizada,2,3650.0,950.0,0.0,Tarjeta de débito,Salón,5.0
T1584,2024-09-07,08:33,Recoleta,43503387.0,41.0,Tortas,Cheesecake de frutos rojos,2,4230.0,1360.0,3270.0,Transferencia,Take away,5.0
T1252,2024-06-02,20:44,Villa Urquiza,30533098.0,45.0,Panes,Pan de nuez y pasas,1,3280.0,940.0,540.0,Transferencia,Take away,4.0
T1269,2024-06-18,21:30,Caballito,34943733.0,30.0,Bebidas,Jugo verde detox,1,3140.0,810.0,160.0,Tarjeta de crédito,Take away,5.0
T1183,2024-03-04,16:46,Caballito,,37.0,Tortas,Cheesecake de frutos rojos,1,4770.0,1780.0,720.0,Mercado Pago,Salón,3.0
T1597,2024-04-11,14:45,Palermo,43526520.0,49.0,Tortas,Carrot cake,1,4440.0,1670.0,540.0,Transferencia,Take away,4.0
T1451,28/11/2024,7:08 PM,Villa Urquiza,43010065.0,31.0,Bebidas,Té helado de durazno,1,3440.0,890.0,170.0,Mercado Pago,Take away,4.0
T1339,2024-08-06,13:49,Palermo,40398744.0,17.0,Panes,Pan de nuez y pasas,3,3280.0,670.0,0.0,Mercado Pago,Take away,4.0
T1179,2024-04-18,14:17,Recoleta,29515804.0,23.0,Tortas,Torta de chocolate,1,5640.0,2000.0,2410.0,Tarjeta de crédito,Salón,3.0
T1121,2024-05-06,09:06,Palermo,29737898.0,23.0,Alfajores,Alfajor de maicena,1,1900.0,560.0,1420.0,Mercado Pago,Take away,4.0
T1549,2024-12-17,18:46,BELGRANO,40403215.0,16.0,Panes,Pan de masa madre,1,2450.0,650.0,1220.0,Mercado Pago,Salón,4.0
T1067,2024-07-29,4:43 PM,Belgrano,25703704.0,16.0,Sandwiches,Bagel de salmón ahumado,1,5340.0,2270.0,,Tarjeta de débito,Salón,
T1162,2024-06-17,14:21,Caballito,41845171.0,17.0,Sandwiches,Bagel de salmón ahumado,3,5700.0,1970.0,0.0,Transferencia,Salón,4.0
T1294,2024-11-10,07:48, Villa Urquiza ,21418115.0,30.0,Café,Affogato,1,3210.0,630.0,2030.0,Mercado Pago,Salón,4.0
T1518,22/01/2024,14:14,Palermo,41433465.0,37.0,Alfajores,Alfajor triple,1,2690.0,780.0,400.0,tarjeta de débito,Take away,5.0
T1072,2024-09-03,19:18,Recoleta,23864454.0,35.0,Alfajores,Alfajor de maicena,1,2090.0,600.0,1940.0,Mercado Pago,Delivery,3.0
T1439,2024-06-03,15:51,Recoleta,34526065.0,36.0,Café,Cappuccino,1,3810.0,790.0,570.0,Transferencia,Salón,4.0
T1202,2024-06-30,10:58,Belgrano,29226857.0,26.0,Café,Cold brew,1,3770.0,790.0,850.0,Tarjeta de crédito,Salón,3.0
T1579,2024-02-14,15:16,palermo,22839051.0,21.0,Alfajores,Alfajor de maicena,1,2070.0,710.0,800.0,Efectivo,Salón,4.0
T1489,2024-10-13,15:49,Caballito,28848092.0,33.0,Alfajores,Alfajor de nuez,1,2710.0,710.0,270.0,Transferencia,Salón,4.0
T1373,2024-02-01,17:30,Villa Urquiza,25673357.0,19.0,Sandwiches,Sandwich vegetariano,1,4940.0,2130.0,1230.0,Transferencia,Salón,
T1148,2024-09-30,17:22,Recoleta,28776551.0,40.0,Bebidas,Agua saborizada,1,4290.0,760.0,210.0,Tarjeta de crédito,Salón,5.0
T1119,2024-11-12,17:01,Caballito,41044132.0,34.0,Bebidas,Agua saborizada,1,3510.0,550.0,700.0,Transferencia,Salón,
T1506,2024-12-29,12:12,Palermo,sin dato,24.0,Sandwiches,Sandwich de pollo y palta,2,5430.0,2240.0,1110.0,Tarjeta de crédito,Take away,4.0
T1601,2024-10-26,1:05 PM,Palermo,24378363.0,29.0,Panes,Pan de nuez y pasas,1,3640.0,810.0,2040.0,Transferencia,Salón,5.0
T1104,2024-05-29,13:00,Villa Urquiza,31838541.0,24.0,Café,Espresso tonic,2,2830.0,350.0,430.0,Tarjeta de débito,Take away,4.0
T1092,2024-11-17,12:09 PM,Caballito,22291306.0,34.0,Tortas,Torta red velvet,1,4670.0,1650.0,700.0,Mercado Pago,Salón,4.0
T1509,2024-04-24,07:17,Caballito,37864724.0,26.0,Café,Affogato,2,2840.0,620.0,850.0,Mercado Pago,Salón,4.0
T1055,2024-02-06,07:10:00,Recoleta,sin dato,32.0,Sandwiches,Bagel de salmón ahumado,1,7610.0,2920.0,1140.0,Transferencia,Delivery,4.0
T1221,2024-11-05,17:05,BELGRANO,34821549.0,,Cafe,Affogato,1,3360.0,670.0,340.0,Tarjeta de débito,Delivery,4.0
T1344,2024-05-27,17:11,Palermo,24414791.0,23.0,Alfajores,Alfajor de nuez,1,2400.0,810.0,360.0,Tarjeta de débito,Salón,5.0
T1134,2024-06-20,11:29,Villa Urquiza,37593210.0,29.0,Bebidas,Smoothie de frutos rojos,1,4220.0,820.0,0.0,Mercado Pago,Take away,3.0
T1340,2024-07-17,15:48,Palermo,26370320.0,43.0,Bebidas,Jugo verde detox,1,4540.0,1060.0,1440.0, Tarjeta de crédito ,Salón,
T1256,2024-04-13,16:55,Caballito,27568151.0,39.0,Panes,Pan de masa madre,1,3670.0,750.0,,Tarjeta de crédito,Take away,5.0
T1145,2024-09-25,12:44,Caballito,33698904.0,24.0,Tortas,Torta de limón y merengue,1,4450.0,1620.0,0.0,Tarjeta de débito,Salón,4.0
T1243,2024-12-13,14:11,Villa Urquiza,32742321.0,33.0,Bebidas,Té helado de durazno,1,3820.0,1010.0,500.0,Tarjeta de crédito,Take away,
T1537,2024-01-23,10:56,Belgrano,29186407.0,26.0,Bebidas,Té helado de durazno,1,4540.0,1130.0,1230.0,Transferencia,Salón,
T1261,2024-09-06,07:18,Belgrano,30747912.0,16.0,Café,Espresso tonic,1,2810.0,530.0,1900.0,Transferencia,Salón,3.0
T1144,2024-10-21,12:36,Villa Urquiza,42566425.0,33.0,Café,Mocha,1,4170.0,680.0,810.0,Tarjeta de crédito,Salón,
T1059,2024-09-20,20:00,Villa Urquiza,35501353.0,34.0,Alfajores,Alfajor de nuez,1,2640.0,800.0,0.0,Mercado Pago,Salón,5.0
T1140,2024-01-30,15:29,Recoleta,44269252.0,38.0,Café,Flat white,1,2870.0,360.0,0.0,Efectivo,Salón,5.0
T1522,2024-11-11,16:12,Villa Urquiza,29871134.0,33.0,Tortas,Carrot cake,1,5320.0,1700.0,2040.0,Tarjeta de debito,Salón,3.0
T1291,2024-02-07,15:18,Recoleta,23926170.0,32.0,Panes,Pan multicereal,1,4120.0,1050.0,1560.0,Transferencia,Delivery,
T1217,2024-12-15,13:12,Belgrano,39966486.0,34.0,Café,Cappuccino,1,4180.0,790.0,0.0,Tarjeta de crédito,Salón,5.0
T1586,2024-07-08,18:49,Belgrano,42757126.0,25.0,Sandwiches,Bagel de salmón ahumado,1,6160.0,,920.0,Transferencia,Salón,5.0
T1495,2024-05-22,17:05,Belgrano,43729983.0,46.0,Café,Mocha,1,2990.0,420.0,1000.0,Efectivo,Take away,5.0
T1166,2024-10-21,10:28,Recoleta,33124284.0,36.0,Tortas,Torta de chocolate,2,5410.0,1850.0,1690.0,Mercado Pago,Take away,5.0
T1541,2024-01-06,17:17,Belgrano,34786028.0,17.0,Bebidas,Smoothie de frutos rojos,1,3750.0,590.0,550.0,Tarjeta de crédito,Salón,5.0
T1303,2024-05-06,18:18,Caballito,41021203.0,29.0,Bebidas,Smoothie de frutos rojos,1,4460.0,950.0,890.0,Tarjeta de débito,Salón,5.0
T1187,2024-12-30,15:49,Caballito,34212826.0,45.0,Panes,Pan de nuez y pasas,1,2850.0,830.0,,Mercado Pago,Salón,5.0
T1438,2024-01-25,11:36,Caballito,27579475.0,42.0,Tortas,Torta de limón y merengue,1,4270.0,1690.0,830.0,Transferencia,Take away,3.0
T1028,2024-09-18,08:24,Villa Urquiza,26377985.0,28.0,Café,Mocha,2,3880.0,730.0,620.0,Tarjeta de crédito,Salón,4.0
T1051,2024-01-27,11:55,Caballito,23828129.0,23.0,Tortas,Cheesecake de frutos rojos,1,3840.0,1290.0,1430.0,Efectivo,Salón,3.0
T1408,2024-03-23,18:34,Recoleta,26116318.0,19.0,Panes,Pan integral,1,2720.0,730.0,810.0,Tarjeta de débito,Take away,5.0
T1438,2024-01-25,11:36,caballito,,42.0,Alfajores,Alfajor de nuez,2,2030.0,640.0,830.0,Transferencia,Take away,3.0
T1031,2024-08-26,14:28,Belgrano,37152153.0,35.0,Tortas,Cheesecake de frutos rojos,1,5050.0,1640.0,0.0,Mercado Pago,Take away,
T1098,2024-03-11,09:04,Recoleta,23393720.0,36.0,Tortas,Torta red velvet,1,5520.0,2050.0,520.0,Transferencia,Take away,5.0
T1385,2024-12-15,11:25,Palermo,41215545.0,33.0,Alfajores,Alfajor triple,1,2510.0,640.0,130.0,Efectivo,Salón,
T1211,2024-02-21,20:30,Villa Urquiza,41.842.913,31.0,Panes,Pan integral,1,2520.0,790.0,0.0,Tarjeta de débito,Salón,3.0
T1165,2024-12-02,17:22,Belgrano,41709712.0,22.0,Alfajores,Alfajor triple,1,2860.0,720.0,0.0,Transferencia,Salón,
T1131,2024-11-11,18:37,Belgrano,28135541.0,41.0,Panes,Pan de campo,3,4130.0,900.0,3190.0,Efectivo,Take away,5.0
T1021,2024-10-05,18:19,Villa Urquiza,41943803.0,40.0,Bebidas,Limonada de jengibre,1,4600.0,760.0,230.0,Transferencia,Salón,5.0
T1168,2024-05-04,15:11,Villa Urquiza,25373262.0,28.0,Alfajores,Alfajor de chocolate,1,2010.0,580.0,8000.0,Tarjeta de crédito,Take away,
T1433,2024-09-06,19:07,Villa Urquiza,42650066.0,37.0,Alfajores,Alfajor triple,1,2640.0,680.0,0.0,Mercado Pago,Take away,5.0
T1139,07/10/2024,21:32,Belgrano,39216679.0,24.0,Tortas,Cheesecake de frutos rojos,1,5150.0,2100.0,740.0,Transferencia,Salón,4.0
T1215,2024-12-22,17:06,Palermo,42419097.0,30.0,Café,Mocha,1,4100.0,850.0,320.0,Tarjeta de crédito,Take away,4.0
T1606,2024-11-28,12:40,Villa Urquiza,32.385.281,42.0,Tortas,Torta de chocolate,1,5400.0,2250.0,1360.0,Tarjeta de crédito,Salón,5.0
T1179,2024-04-18,2:17 PM,Recoleta,29515804.0,23.0,Alfajores,Alfajor de chocolate,2,2900.0,980.0,2410.0,Tarjeta de crédito,Salón,3.0
T1242,2024-05-17,21:46,PALERMO,32503124.0,38.0,Sandwiches,Bagel de salmón ahumado,1,6780.0,2540.0,0.0,Tarjeta de crédito,Salón,4.0
T1616,2024-09-01,20:04,Palermo,,43.0,Panes,Pan de masa madre,1,3740.0,970.0,560.0,Mercado Pago,Delivery,4.0
T1201,2024-11-26,08:37,,28684579.0,34.0,Alfajores,Alfajor de nuez,1,2350.0,690.0,0.0,Efectivo,Salón,3.0
T1064,2024-10-29,12:55,Palermo,34774224.0,36.0,Alfajores,Alfajor de chocolate,2,1880.0,520.0,1070.0,Efectivo,Salón,5.0
T1510,2024-08-04,8:58 AM,Belgrano,26606089.0,34.0,Sandwiches,Sandwich vegetariano,1,5320.0,2370.0,980.0,Tarjeta de débito,Salón,3.0
T1315,2024-04-08,7:44 AM,CABALLITO,32018106.0,25.0,Café,Latte de avena,1,3610.0,640.0,340.0,Tarjeta de débito,Salón,2.0
T1298,2024-05-08,15:54,Villa Urquiza,21600858.0,37.0,Sandwiches,Bagel de salmón ahumado,1,7270.0,3030.0,360.0,Mercado Pago,Salón,4.0
T1324,2024-02-18,16:41,Recoleta,21253982.0,25.0,Tortas,Cheesecake de frutos rojos,2,5220.0,2150.0,1050.0,Transferencia,Salón,5.0
T1564,2024-06-15,17:28,Belgrano,40359588.0,25.0,Alfajores,Alfajor de nuez,2,2890.0,980.0,870.0,Mercado Pago,Salón,5.0
T1096,2024-06-17,08:35,Caballito,29534390.0,24.0,Café,Cappuccino,1,3770.0,500.0,800.0,Tarjeta de crédito,Take away,5.0
T1105,2024-07-17,12:16,Palermo,31982082.0,31.0,Café,Mocha,1,3940.0,610.0,1680.0,Efectivo,Salón,5.0
T1540,2024-03-12,14:52,Recoleta,25414562.0,31.0,Tortas,Torta de limón y merengue,1,5210.0,1980.0,520.0,Tarjeta de débito,Take away,5.0
T1195,2024-10-06,7:50 PM,Belgrano,25052169.0,31.0,Bebidas,Smoothie de frutos rojos,1,3180.0,580.0,0.0,Efectivo,Delivery,2.0
T1086,2024-08-08,08:18,Villa Urquiza,36328685.0,19.0,Café,Flat white,1,2810.0,400.0,280.0,Transferencia,Take away,2.0
T1452,2024-05-24,10:05,Caballito,32334594.0,38.0,Café,Mocha,1,3140.0,520.0,600.0,Tarjeta de débito,Salón,4.0
T1089,11/01/2024,12:10,Villa Urquiza,35438290.0,34.0,Café,Cappuccino,1,3590.0,540.0,180.0,,Salón,5.0
T1553,2024-03-10,18:30,Belgrano,,19.0,Sandwiches,Bagel de salmón ahumado,1,5840.0,2170.0,1420.0,Tarjeta de débito,Salón,
T1389,2024-11-08,09:53,Villa Urquiza,22146061.0,29.0,Tortas,Cheesecake de frutos rojos,2,4480.0,1870.0,1960.0,Efectivo,Salón,5.0
T1609,2024-09-02,08:31,Belgrano,35414574.0,38.0,Panes,Pan integral,1,3570.0,780.0,1530.0,Tarjeta de débito,Take away,4.0
T1048,2024-10-08,12:22,Caballito,29090446.0,29.0,Tortas,Torta de limón y merengue,1,5690.0,1840.0,570.0,Tarjeta de crédito,Salón,3.0
T1209,2024-10-20,13:54,Villa Urquiza,21086584.0,40.0, Tortas ,Torta  red velvet,1,4530.0,1490.0,0.0,Tarjeta de débito,Take away,
T1475,2024-10-27,9:43 PM,Recoleta,40203127.0,26.0,Café,Cold brew,2,3220.0,600.0,1180.0,Mercado Pago,Salón,4.0
T1002,2024-12-25,15:26,Belgrano,35072954.0,30.0,Sandwiches,Sandwich de pollo y palta,1,4810.0,2070.0,770.0,Transferencia,Salón,
T1519,2024-01-04,12:00 PM,Palermo,32008683.0,45.0,Bebidas,Jugo verde detox,1,4550.0,1260.0,230.0,Efectivo,Take away,3.0
T1230,20/06/2024,17:05,Belgrano,31921332.0,36.0,Sandwiches,Sandwich vegetariano,1,5360.0,2310.0,1220.0,Tarjeta de débito,Take away,4.0
T1458,2024-05-13,08:20,Palermo,24.290.655,34.0,Sandwiches,Club sandwich,2,5530.0,2000.0,1380.0,Mercado Pago,Take away,5.0
T1321,2024-11-03,14:59,Recoleta,30574846.0,37.0,Bebidas,Agua saborizada,1,4400.0,800.0,660.0,Transferencia,Delivery,4.0
T1121,2024-05-06,09:06,Palermo,29737898.0,23.0,Panes,Pan integral,1,4190.0,1280.0,1420.0,Mercado Pago,Take away,4.0
T1263,2024-08-18,17:25,Caballito,30616764.0,35.0,Bebidas,Jugo verde detox,2,3110.0,480.0,310.0,Efectivo,Salón,3.0
T1400,2024-11-27,08:01,Caballito,42449109.0,36.0,Bebidas,Agua saborizada,2,3310.0,770.0,540.0,Tarjeta de crédito,Salón,5.0
T1364,2024-06-15,15:06,Caballito,25911418.0,26.0,Café,Affogato,1,4030.0,740.0,810.0,Tarjeta de crédito,Delivery,3.0
T1176,2024-01-31,16:22,Villa Urquiza,29431648.0,40.0,Bebidas,Limonada de jengibre,2,3230.0,660.0,2580.0,Transferencia,Salón,4.0
T1431,2024-09-11,14:32,Recoleta,38201202.0,16.0,Tortas,Carrot cake,1,5520.0,1950.0,550.0,Tarjeta de crédito,Take away,5.0
T1025,2024-10-13,21:55,Caballito,40825944.0,39.0,Panes,Pan integral,2,2250.0,540.0,0.0,Tarjeta de débito,Delivery,4.0
T1225,2024-12-12,10:17,Caballito,37222860.0,16.0,Alfajores,Alfajor de chocolate,1,2510.0,630.0,970.0,Efectivo,Take away,
T1297,2024-12-17,10:52,,44186553.0,18.0,Panes,Pan de masa madre,2,38000.0,980.0,0.0,Tarjeta de crédito,Take away,5.0
T1117,2024-06-26,15:57,Recoleta,22646099.0,23.0,Bebidas,Smoothie de frutos rojos,1,4040.0,940.0,610.0,Tarjeta de crédito,Salón,
T1178,2024-02-17,13:32,Recoleta,43310385.0,35.0,Sandwiches,Sandwich de pollo y palta,1,7130.0,3180.0,1710.0,Tarjeta de crédito,Salón,5.0
T1542,2024-07-12,19:12,Belgrano,32570990.0,16.0,Tortas,Torta red velvet,1,5390.0,1660.0,810.0,Tarjeta de débito,Salón,1.0
T1562,2024-12-15,21:21,Recoleta,28039542.0,50.0,Sandwiches,Sandwich vegetariano,1,7160.0,3100.0,720.0,Tarjeta de crédito,Take away,4.0
T1330,2024-10-06,15:48,Recoleta,38414674.0,27.0,Bebidas,Limonada de jengibre,2,3640.0,800.0,1200.0,Mercado Pago,Take away,
T1253,2024-06-29,15:30,Villa Urquiza,39147440.0,42.0,Alfajores,Alfajor de maicena,1,2380.0,630.0,910.0,Mercado Pago,Take away,
T1350,2024-09-23,18:40,Caballito,36525707.0,22.0,Panes,Pan de campo,1,2440.0,720.0,0.0,Tarjeta de debito,Take away,4.0
T1589,2024-03-27,17:59,Villa Urquiza,27552048.0,45.0,Tortas,Carrot cake,1,4640.0,1930.0,1910.0,Tarjeta de débito,Salón,5.0
T1569,2024-10-22,18:00,Recoleta,22076513.0,39.0,Bebidas,Jugo verde detox,1,4000.0,600.0,4690.0,Transferencia,Salón,5.0
T1232,2024-10-18,21:58,Caballito,24805805.0,50.0,Sandwiches,Tostado jamón y queso,1,$5.530,2090.0,830.0,Tarjeta de crédito,Take away,4.0
T1120,13/08/2024,13:30,Caballito,26845876.0,19.0,Bebidas,Smoothie de frutos rojos,1,4660.0,920.0,1190.0,Tarjeta de crédito,Take away,4.0
T1387,2024-10-30,10:31,Caballito,22113681.0,31.0,Alfajores,Alfajor de maicena,1,1840.0,600.0,1200.0,Transferencia,Take away,5.0
T1457,2024-11-02,18:47,Palermo,20179884.0,36.0,Alfajores,Alfajor de chocolate,2,1900.0,560.0,640.0,Tarjeta de crédito,Salón,4.0
T1204,2024-04-22,07:57,Recoleta,21965995.0,34.0,Alfajores,Alfajor triple,3,2830.0,760.0,4820.0,Mercado Pago,Salón,5.0
T1020,07/02/2024,07:29,Villa Urquiza,38890931.0,21.0,Sandwiches,Sandwich de pollo y palta,1,7400.0,2520.0,1480.0,Efectivo,Salón,4.0
T1165,2024-12-02,17:22,Belgrano,41709712.0,22.0,Sandwiches,Tostado jamón y queso,1,6190.0,2450.0,0.0,Transferencia,Salón,
T1359,2024-05-25,16:15,belgrano,,33.0,Panes,Pan de campo,1,3140.0,670.0,470.0,Tarjeta de crédito,Take away,4.0
T1360,2024-01-28,8:27 AM,Caballito,26005672.0,39.0,Bebidas,Jugo verde detox,3,3130.0,780.0,2730.0,Transferencia,Take away,5.0
T1130,2024-10-05,13:57,Caballito,31580797.0,70.0,Sandwiches,Bagel de salmón ahumado,2,6660.0,2320.0,1750.0,Tarjeta de débito,Salón,4.0
T1460,10/09/2024,07:28,Recoleta,43791070.0,42.0,Panes,Pan de nuez y pasas,1,3850.0,1080.0,1350.0,Transferencia,Salón,5.0
T1222,2024-02-03,11:45,Villa Urquiza,33535359.0,24.0,Panes,Pan de masa madre,1,3950.0,820.0,1510.0,Tarjeta de débito,Take away,5.0
T1413,2024-07-31,19:28,Recoleta,25495891.0,16.0,Café,Latte de avena,3,2900.0,570.0,590.0,Mercado Pago,Take away,4.0
T1163,2024-10-06,09:43,Villa Urquiza,20903154.0,46.0,Alfajores,Alfajor de chocolate,1,2500.0,790.0,1130.0,Mercado Pago,Delivery,4.0
T1200,30/03/2024,07:25,Caballito,38654712.0,26.0,Panes,Pan de campo,2,2220.0,710.0,0.0,Transferencia,Salón,5.0
T1096,2024-06-17,08:35,Caballito,29534390.0,24.0,Panes,Pan multicereal,1,2360.0,,800.0,Tarjeta de crédito,Take away,5.0
T1353,2024-06-20,14:50,Caballito,sin dato,36.0,Sandwiches,Club sandwich,1,6270.0,2570.0,700.0,Efectivo,Take away,4.0
T1336,2024-07-29,11:28,RECOLETA,25098832.0,48.0,Café,Espresso tonic,1,3200.0,460.0,1020.0,Tarjeta de débito,Salón,4.0
T1297,17/12/2024,10:52,Palermo,44186553.0,18.0,Tortas,Cheesecake de frutos rojos,1,4470.0,1820.0,0.0,Tarjeta de crédito,Take away,5.0
T1535,2024-09-26,12:58,Villa Urquiza,36473837.0,33.0,Bebidas,Agua saborizada,2,3590.0,910.0,360.0,Mercado Pago,Salón,2.0
T1237,2024-11-15,07:38,Palermo,42212024.0,30.0,Alfajores,Alfajor de nuez,1,2220.0,660.0,580.0,Efectivo,Take away,1.0
T1376,2024-02-29,07:10,Caballito,33379655.0,16.0,Panes,Pan de nuez y pasas,1,3940.0,1230.0,530.0,Mercado Pago,Salón,5.0
T1331,2024-05-18,07:29,Palermo,22234651.0,40.0,Alfajores,Alfajor de maicena,1,2010.0,590.0,1760.0,Mercado Pago,Take away,5.0
T1110,2024-08-10,11:40,Palermo,22517963.0,23.0,Tortas,Cheesecake de frutos rojos,1,5450.0,1920.0,0.0,Mercado Pago,Salón,5.0
T1123,2024-07-24,07:36,Villa Urquiza,26531548.0,32.0,Panes,Pan de campo,2,2990.0,720.0,1500.0,Tarjeta de crédito,Take away,3.0
T1134,2024-06-20,11:29,Villa Urquiza,37593210.0,29.0,Sandwiches,Tostado jamón y queso,1,7170.0,2980.0,0.0,Mercado Pago,Take away,3.0
T1358,2024-05-19,09:10,Recoleta,23840653.0,20.0,Café,Latte de avena,1,3620.0,780.0,360.0,Efectivo,Delivery,5.0
T1079,2024-08-15,08:57,Palermo,30808279.0,16.0,Café,Espresso tonic,1,3870.0,700.0,1000.0,Transferencia,Salón,3.0
T1571,2024-04-20,2:18 PM,Caballito,21973422.0,22.0,Panes,Pan de campo,2,4050.0,1230.0,760.0,Tarjeta de crédito,Salón,5.0
T1582,2024-04-14,08:40,Recoleta,41243976.0,37.0,Café,Espresso tonic,2,3050.0,460.0,0.0,Tarjeta de débito,Take away,5.0
T1440,2024-11-17,18:33,Belgrano,39355649.0,33.0,Alfajores,Alfajor de maicena,1,2370.0,630.0,260.0,Mercado Pago,Salón,
T1216,2024-08-31,11:05,CABALLITO,43968122.0,36.0,Bebidas,Jugo verde detox,3,3250.0,680.0,2040.0,Efectivo,Salon,
T1511,2024-01-28,20:21,Villa Urquiza,27943799.0,57.0,BEBIDAS,Agua saborizada,1,3980.0,,1860.0,Efectivo,Take away,5.0
T1467,2024-02-09,21:02,Villa Urquiza,23611536.0,44.0,Café,Flat white,1,2970.0,410.0,0.0,Transferencia,Salón,3.0
T1377,2024-08-17,13:43,Recoleta,37792352.0,16.0,Alfajores,Alfajor triple,1,2170.0,560.0,430.0,Efectivo,Salón,5.0
T1246,2024-04-24,15:41:00,Caballito,33531730.0,44.0,Tortas,Carrot cake,1,4530.0,1630.0,1160.0,Tarjeta de débito,Salón,4.0
T1335,2024-10-24,3:43 PM,Belgrano,24634190.0,32.0,panes,Pan de campo,2,3730.0,930.0,970.0,Tarjeta de crédito,Take away,
T1380,2024-03-03,18:07,Palermo,40289888.0,43.0,Panes,Pan de campo,1,3590.0,920.0,1380.0,Tarjeta de débito,Salón,5.0
T1499,2024-05-02,19:38,Villa Urquiza,27935325.0,47.0,Sandwiches,Sandwich de pollo y palta,1,5550.0,1820.0,0.0,Mercado Pago,Salón,5.0
T1180,2024-06-03,09:55,Recoleta,23131970.0,26.0,Panes,Pan de campo,1,2990.0,850.0,1790.0,Tarjeta de crédito,Salón,4.0
T1393,2024-10-03,15:14,Caballito,41020651.0,17.0,Tortas,Torta red velvet,1,4160.0,1410.0,800.0,Tarjeta de débito,Salón,4.0
T1125,2024-09-20,09:20,Villa Urquiza,30688094.0,42.0,Café,Latte de avena,1,3510.0,540.0,710.0,Tarjeta de débito,Salón,5.0
T1200,2024-03-30,07:25,Caballito,38654712.0,26.0,Panes,Pan de masa madre,1,3850.0,1060.0,0.0,Transferencia,Salón,5.0
T1473,2024-05-28,07:31,Caballito,36310841.0,32.0,Sandwiches,Club sandwich,2,4710.0,1760.0,2400.0,Transferencia,Take away,5.0
T1066,2024-02-20,19:40,Palermo,34887381.0,31.0,Tortas,Torta red velvet,1,$4.320,1420.0,220.0,Tarjeta de débito,Take away,
T1079,2024-08-15,08:57,Palermo,30808279.0,16.0,Sandwiches,Bagel de salmón ahumado,1,6170.0,2610.0,1000.0,Transferencia,Salón,3.0
T1464,2024-01-11,20:13,Belgrano,33035994.0,26.0,Sandwiches,Club sandwich,1,4930.0,2110.0,960.0,Mercado Pago,Salón,5.0
T1262,2024-03-19,07:29,Recoleta,21271253.0,31.0,Tortas,Torta de limón y merengue,2,5390.0,1880.0,540.0,Efectivo,Salón,4.0
T1319,16/04/2024,17:31,Palermo,35705458.0,37.0,Sandwiches,Sandwich de pollo y palta,1,7220.0,2350.0,1560.0,Efectivo,Salón,5.0
T1328,2024-06-28,16:52,Caballito,40910523.0,27.0,Bebidas,Smoothie de frutos rojos,2,3270.0,530.0,330.0,Tarjeta de débito,Salón,
T1444,2024-07-27,21:23,Palermo,33.317.587,24.0,Café,Latte de avena,1,3540.0,640.0,0.0,Tarjeta de débito,Salón,5.0
T1319,2024-04-16,17:31,Palermo,35705458.0,37.0,Tortas,Torta red velvet,1,3680.0,1330.0,1560.0,Efectivo,Salón,5.0
T1006,2024-04-18,17:31, Caballito ,41570529.0,39.0,Sandwiches,Tostado jamón y queso,1,7790.0,2990.0,,Mercado Pago,Salón,3.0
T1075,2024-12-19,12:13,Caballito,34921516.0,46.0,Café,Mocha,1,3340.0,460.0,700.0,Tarjeta de débito,Take away,3.0
T1348,2024-08-06,20:35,Palermo,29825835.0,26.0,Café,Cappuccino,1,3590.0,650.0,540.0,Mercado Pago,Salón,5.0
T1157,2024-06-26,07:06,Caballito,27789460.0,36.0,Bebidas,Jugo verde detox,1,4120.0,950.0,1250.0,Efectivo,Salón,5.0
T1300,2024-03-30,19:18,Recoleta,30908219.0,27.0,Tortas,Torta de chocolate,1,38700.0,1310.0,730.0,Transferencia,Salón,5.0
T1138,2024-11-06,12:26,Villa Urquiza,35798368.0,42.0,Bebidas,Jugo verde detox,1,4480.0,930.0,760.0,Transferencia,Take away,5.0
T1133,2024-01-20,21:58,Belgrano,34021893.0,24.0,Tortas,Torta de chocolate,1,4190.0,1720.0,1270.0,Tarjeta de débito,Delivery,2.0
T1363,2024-09-29,14:25,Villa Urquiza,33872808.0,47.0,Alfajores,Alfajor triple,1,2400.0,,2430.0,Tarjeta de débito,Take away,5.0
T1604,19/10/2024,10:37,Palermo,37206567.0,47.0,Panes,Pan multicereal,1,3620.0,800.0,360.0,Mercado Pago,Salón,5.0
T1500,2024-03-05,11:36,Caballito,34964681.0,49.0,Alfajores,Alfajor de nuez,2,1850.0,640.0,1050.0,Efectivo,Take away,5.0
T1322,06/10/2024,10:24,Villa Urquiza,44983903.0,29.0,Sandwiches,Sandwich de pollo y palta,1,5490.0,2370.0,3370.0,Tarjeta de crédito,Salón,5.0
T1520,2024-04-11,10:18,Belgrano,27346576.0,38.0,Tortas,Cheesecake de frutos rojos,2,4370.0,1370.0,1980.0,Tarjeta de crédito,Take away,4.0
T1035,2024-05-20,14:04,Recoleta,,42.0,Panes,Pan de masa madre,1,2970.0,670.0,450.0,Tarjeta de crédito,Salón,
T1129,2024-10-12,11:14,Recoleta,29697369.0,37.0,Café,Affogato,1,3880.0,690.0,580.0,Tarjeta de débito,Take away,5.0
T1354,2024-07-11,17:34,Belgrano,39158964.0,50.0,Sandwiches,Tostado jamón y queso,2,4870.0,2050.0,1290.0,Transferencia,Salón,5.0
T1601,2024-10-26,13:05:00,Palermo,24378363.0,29.0,Café,Espresso tonic,2,3310.0,720.0,2040.0,Transferencia,Salón,5.0
T1471,2024-11-28,10:27,Villa Urquiza,26406026.0,34.0,Tortas,Torta de chocolate,1,3880.0,1490.0,190.0,Efectivo,Salón,5.0
T1430,2024-04-01,13:38,Recoleta,25124991.0,41.0,Cafe,Affogato,1,3540.0,530.0,530.0,Tarjeta de crédito,Take away,3.0
T1375,2024-09-27,20:02,Recoleta,22832043.0,29.0,Alfajores,Alfajor de nuez,1,2060.0,650.0,0.0,Tarjeta de débito,Take away,5.0
T1510,2024-08-04,08:58,Belgrano,26606089.0,34.0,Tortas,Carrot cake,1,4490.0,1780.0,980.0,Tarjeta de débito,Salón,3.0
T1574,2024-04-10,18:41,Palermo,32154280.0,20.0,Alfajores,Alfajor de nuez,1,2550.0,650.0,2950.0,Transferencia,Salón,5.0
T1556,2024-03-23,07:07,Palermo,41622388.0,36.0,Café,Latte de avena,2,3900.0,830.0,2360.0,Mercado Pago,Salón,5.0
T1097,2024-12-25,20:47,Villa Urquiza,23135761.0,50.0,Panes,Pan multicereal,1,4100.0,930.0,620.0,Mercado Pago,Salón,1.0
T1466,2024-01-21,15:21,Caballito,42697561.0,28.0,Tortas,Carrot cake,3,4190.0,1600.0,3390.0,Tarjeta de débito,Take away,5.0
T1463,2024-05-24,12:51,Palermo,44957786.0,41.0,Sandwiches,Tostado jamón y queso,2,5290.0,1970.0,0.0,Efectivo,Salón,5.0
T1556,2024-03-23,07:07,Palermo,41622388.0,36.0,Bebidas,Smoothie de frutos rojos,1,3850.0,1020.0,2360.0,Mercado Pago,Salón,5.0
T1504,2024-01-02,16:30,Palermo,20321404.0,35.0,Alfajores,Alfajor de maicena,1,2670.0,690.0,770.0,Tarjeta de débito,Salón,
T1271,2024-03-17,12:25,Belgrano,39783718.0,51.0,Sandwiches,Club sandwich,1,4530.0,2020.0,0.0,Tarjeta de crédito,Salón,5.0
T1165,2024-12-02,17:22,Belgrano,41709712.0,22.0,Sandwiches,Tostado jamón y queso,1,6190.0,2450.0,0.0,Transferencia,Salón,
T1192,2024-01-24,14:23,Caballito,25036005.0,52.0,Sandwiches,Sandwich vegetariano,1,7230.0,2430.0,530.0,tarjeta de débito,Delivery,
T1497,2024-07-31,07:55,Villa Urquiza,30649587.0,26.0,Panes,Pan multicereal,1,2490.0,520.0,120.0,Mercado Pago,Salón,3.0
T1111,2024-10-17,07:38,Belgrano,42785541.0,21.0,Panes,Pan de campo,1,2250.0,590.0,1170.0,Mercado Pago,Delivery,4.0
T1361,2024-10-17,09:05,Caballito,23263604.0,24.0,Sandwiches,Sandwich vegetariano,1,5790.0,2350.0,860.0,Mercado Pago,Salón,5.0
T1172,2024-11-26,21:11,Villa Urquiza,25599077.0,37.0,Café,Flat white,3,4100.0,690.0,3290.0,Mercado Pago,Salón,4.0
T1352,2024-06-19,12:25,Villa Urquiza,40669306.0,22.0,Bebidas,Agua saborizada,2,4560.0,1070.0,1410.0,Efectivo,Take away,4.0
T1413,2024-07-31,19:28,Recoleta,25495891.0,16.0,Café,Flat white,1,3020.0,660.0,590.0,Mercado Pago,Take away,4.0
T1456,2024-10-25,17:41,Caballito,22876912.0,36.0,Sandwiches,Sandwich de pollo y palta,1,4810.0,1750.0,2200.0,Efectivo,Salón,
T1225,2024-12-12,10:17,Caballito,37222860.0,16.0,Sandwiches,Club sandwich,1,7160.0,3190.0,970.0,Efectivo,Take away,
T1410,16/09/2024,12:41,Recoleta,35901803.0,42.0,SANDWICHES,Sandwich de pollo y palta,2,6910.0,2340.0,2580.0,Tarjeta de crédito,Delivery,5.0
T1323,2024-10-19,09:06,Palermo,35447447.0,35.0,Panes,Pan integral,1,3850.0,1040.0,2870.0,Tarjeta de crédito,Salón,4.0
T1032,2024-01-13,07:15,Caballito,40510950.0,28.0,Tortas,Torta de chocolate,1,5290.0,2100.0,1830.0,Efectivo,Salón,
T1585,2024-10-30,09:16,Palermo,43040430.0,32.0,Café,Mocha,2,3200.0,590.0,-960.0,Transferencia,Take away,5.0
T1268,2024-06-17,4:42 PM,Recoleta,43268593.0,24.0,Alfajores,Alfajor de chocolate,1,1810.0,490.0,0.0,Transferencia,Salón,5.0
T1527,2024-12-15,8:17 PM,Belgrano,43677437.0,38.0,Sandwiches,Bagel de salmón ahumado,2,7620.0,3190.0,2970.0,Transferencia,Delivery,
T1547,2024-02-10,7:08 AM,RECOLETA,36734483.0,38.0,panes,Pan de nuez y pasas,1,4180.0,1280.0,990.0,Tarjeta de crédito,Salón,4.0
T1058,2024-06-27,13:21,Recoleta,42.485.949,28.0,Sandwiches,Sandwich vegetariano,3,5570.0,2080.0,2390.0,Efectivo,Take away,4.0
T1591,2024-11-12,20:31, Palermo ,31936790.0,49.0,Tortas,Torta red velvet,1,5550.0,1900.0,0.0,Efectivo,Take away,4.0
T1252,2024-06-02,20:44,Villa Urquiza,30533098.0,45.0,Sandwiches,Sandwich vegetariano,1,7540.0,3110.0,540.0,Transferencia,Take away,4.0
T1094,2024-10-19,5:12 PM,Recoleta,40300627.0,34.0,Sandwiches,Sandwich de pollo y palta,1,6170.0,2170.0,930.0,Mercado Pago,Salón,
T1462,2024-06-14,09:01,Palermo,35442862.0,38.0,Sandwiches,Club sandwich,2,4930.0,2090.0,2340.0,Mercado Pago,Salón,
T1272,2024-11-10,17:10,Villa Urquiza,24710058.0,,Panes,Pan integral,1,4080.0,1190.0,1020.0,Mercado Pago,Salón,5.0
T1329,2024-01-28,10:39,Belgrano,29653109.0,35.0,Alfajores,Alfajor de maicena,2,2170.0,590.0,650.0,Efectivo,Salón,5.0
T1607,2024-03-31,11:01,Villa Urquiza,42055918.0,42.0,Bebidas,Smoothie de frutos rojos,1,4480.0,990.0,900.0,Transferencia,Salón,5.0
T1034,2024-09-15,13:53,Villa Urquiza,34962377.0,38.0,Panes,Pan multicereal,1,3730.0,1030.0,560.0,Tarjeta de débito,takeaway,5.0
T1456,2024-10-25,17:41,Caballito,22876912.0,36.0,Panes,Pan integral,3,4020.0,1260.0,2200.0,Efectivo,Salón,
T1297,2024-12-17,10:52,Palermo,44186553.0,18.0,Bebidas,Jugo verde detox,1,3910.0,830.0,0.0,Tarjeta de crédito,Take away,5.0
T1506,2024-12-29,12:12,Palermo,40583721.0,24.0,Panes,Pan de campo,2,2590.0,640.0,1110.0,Tarjeta de crédito,Take away,4.0
T1479,2024-04-15,21:23,Belgrano,44439346.0,27.0,Tortas,Cheesecake  de frutos rojos,1,4990.0,1580.0,500.0,Tarjeta de crédito,Take away,5.0
T1266,2024-10-07,08:19,Belgrano,44878278.0,41.0,Tortas,Cheesecake de frutos rojos,1,5040.0,1540.0,570.0,Tarjeta de crédito,Salón,
T1420,2024-01-09,14:22,Recoleta,43187813.0,16.0,Panes,Pan multicereal,1,2450.0,510.0,670.0,Tarjeta de crédito,Salón,4.0
T1514,2024-01-07,16:45,Palermo,39893969.0,50.0,Panes,Pan de campo,1,2320.0,590.0,1260.0,Tarjeta de débito,Delivery,3.0
T1014,2024-10-19,16:30,Belgrano,35870338.0,29.0,Alfajores,Alfajor de nuez,2,2310.0,,460.0,Mercado Pago,Salón,3.0
T1071,13/08/2024,07:37,Recoleta,44573916.0,30.0,Panes,Pan de masa madre,1,2460.0,780.0,0.0,Tarjeta de débito,Salón,4.0
T1152,2024-09-04,17:31,Palermo,20221873.0,41.0,Sandwiches,Club sandwich,1,7730.0,3290.0,2470.0,Transferencia,Take away,1.0
T1033,2024-12-22,15:29,Palermo,38703434.0,25.0,Alfajores,Alfajor triple,2,2850.0,890.0,0.0,Tarjeta de débito,Delivery,3.0
T1294,2024-11-10,07:48,Villa Urquiza,21418115.0,30.0,Café,Latte de avena,2,3400.0,450.0,2030.0,Mercado Pago,Salón,4.0
T1319,2024-04-16,17:31,Palermo,35705458.0,37.0,Tortas,Cheesecake de frutos rojos,1,4720.0,1710.0,1560.0,Efectivo,Salón,5.0
T1367,2024-02-26,20:18,Palermo,27893383.0,32.0,Alfajores,Alfajor  de nuez,1,2220.0,700.0,220.0,Mercado Pago,Take away,4.0
T1443,2024-05-22,17:35,Belgrano,41618913.0,43.0,Tortas,Torta red velvet,2,4880.0,1990.0,0.0,Efectivo,Delivery,5.0
T1305,2024-09-25,17:40,Villa Urquiza,30390509.0,26.0,Sandwiches,Sandwich vegetariano,1,5860.0,1880.0,290.0,Tarjeta de crédito,Salón,4.0
T1465,2024-09-19,10:31 AM,Caballito,33022123.0,27.0,Alfajores,Alfajor triple,1,2480.0,730.0,0.0,Mercado Pago,Salón,5.0
T1156,2024-06-10,07:13,Villa Urquiza,24838265.0,24.0,Alfajores,Alfajor de chocolate,1,2670.0,690.0,0.0,Mercado Pago,Delivery,4.0
T1615,02/04/2024,17:27,Belgrano,42389979.0,31.0,Bebidas,Limonada de jengibre,2,4340.0,1200.0,1610.0,Tarjeta de crédito,Take away,4.0
T1170,2024-07-06,12:12,,23823694.0,19.0,Sandwiches,Bagel de salmón ahumado,2,6540.0,2690.0,2530.0,Tarjeta de crédito,Take away,5.0
T1577,2024-11-26,18:27,,,29.0,Café,Espresso tonic,2,3870.0,510.0,0.0,Tarjeta de débito,Salón,3.0
T1199,2024-12-17,11:52,Villa Urquiza,21353243.0,36.0,Panes,Pan multicereal,1,2990.0,710.0,300.0,Tarjeta de débito,Take away,4.0
T1513,2024-11-12,19:26,Belgrano,,38.0, Café ,Espresso tonic,1,2950.0,550.0,380.0,Transferencia,Salón,4.0
T1570,2024-09-12,17:29,Belgrano,40181830.0,36.0,Tortas,Torta red velvet,2,5790.0,2070.0,0.0, Tarjeta de crédito ,Salón,5.0
T1447,2024-12-19,21:50,Belgrano,28488697.0,39.0,Bebidas,Limonada de jengibre,1,3910.0,810.0,2280.0,Transferencia,Salón,5.0
T1088,2024-02-06,13:55,Palermo,34637100.0,33.0,Alfajores,Alfajor de nuez,1,2580.0,670.0,390.0,Efectivo,Salón,3.0
T1024,2024-10-06,07:53,Recoleta,39545777.0,33.0,Tortas,Torta red velvet,1,3980.0,1240.0,600.0,Transferencia,Salón,3.0
T1032,2024-01-13,07:15,Caballito,40510950.0,,Bebidas,Agua saborizada,1,3840.0,900.0,1830.0,Efectivo,Salón,
T1229,2024-09-16,11:54,Belgrano,42065887.0,23.0,Sandwiches,Club sandwich,1,7020.0,2870.0,1400.0,Transferencia,Salón,3.0
T1266,2024-10-07,8:19 AM,Belgrano,44878278.0,41.0,Panes,Pan de masa madre,1,2570.0,590.0,570.0,Tarjeta de crédito,Salón,
T1369,2024-08-05,16:11,Caballito,37093128.0,30.0,Panes,Pan integral,1,3410.0,1030.0,510.0,Mercado Pago,Take away,5.0
T1546,2024-08-17,13:32,Belgrano,36891973.0,40.0,Tortas,Torta red velvet,1,4040.0,1330.0,200.0,Transferencia,Take away,1.0
T1196,2024-09-08,07:09,Recoleta,23121456.0,23.0,Bebidas,Smoothie de frutos rojos,2,3780.0,850.0,1130.0,Efectivo,Delivery,
T1057,2024-05-17,16:02,Belgrano,35787387.0,24.0,Café,Cappuccino,1,3750.0,480.0,190.0,Transferencia,Take away,
T1244,2024-12-08,20:21,Villa Urquiza,,37.0,Sandwiches,Bagel de salmón ahumado,2,4990.0,2180.0,1500.0,Transferencia,Salón,5.0
T1128,01/02/2024,18:08,Villa Urquiza,26957233.0,37.0,Sandwiches,Tostado jamón y queso,1,6020.0,2350.0,2010.0,Transferencia,Salón,5.0
T1612,2024-03-24,11:21,Caballito,25184606.0,45.0,Café,Affogato,1,3420.0,490.0,0.0,Tarjeta de débito,Salón,5.0
T1566,2024-02-29,14:42,Villa Urquiza,28083316.0,16.0,Sandwiches,Bagel de salmón ahumado,1,7030.0,2490.0,0.0,Tarjeta de débito,Salón,5.0
T1311,2024-02-18,15:42,Belgrano,35865392.0,16.0,Bebidas,Limonada de jengibre,1,4270.0,710.0,0.0,Mercado Pago,Take away,4.0
T1436,23/08/2024,17:55,Caballito,39060575.0,17.0,Café,Flat white,1,4280.0,680.0,830.0,Transferencia,Delivery,4.0
T1140,2024-01-30,15:29,Recoleta,44269252.0,38.0,Tortas,Torta de chocolate,1,5770.0,1930.0,0.0, Efectivo ,Salón,5.0
T1306,2024-09-24,20:48:00,Belgrano,31538863.0,39.0,Panes,Pan de campo,1,3300.0,1010.0,1390.0,Tarjeta de crédito,Salón,1.0
T1325,2024-10-16,09:20,Villa Urquiza,43413230.0,32.0,Alfajores,Alfajor triple,1,1890.0,620.0,630.0,Tarjeta de débito,Salón,5.0
T1316,2024-11-02,21:55,Villa Urquiza,25380232.0,32.0,Café,Latte de avena,2,3480.0,590.0,0.0,Efectivo,Salón,4.0
T1530,2024-03-06,11:47 AM,Palermo,36770512.0,47.0,Panes,Pan de masa madre,3,4150.0,1110.0,730.0,Tarjeta de crédito,Salón,4.0
T1005,2024-03-24,14:24,Recoleta,41474828.0,47.0,Tortas,Cheesecake de frutos rojos,2,5390.0,1880.0,0.0,Transferencia,Salón,4.0
T1531,2024-11-04,21:38,Villa Urquiza,33115953.0,38.0,Sandwiches,Sandwich de pollo y palta,1,5070.0,1740.0,0.0,Mercado Pago,Salón,4.0
T1362,2024-06-15,2:31 PM:00,Palermo,22193292.0,36.0,Sandwiches,Sandwich vegetariano,1,6490.0,2160.0,1000.0,Mercado Pago,Salón,5.0
T1172,2024-11-26,21:11,Villa Urquiza,25599077.0,37.0,PANES,Pan integral,1,4130.0,1070.0,3290.0,Mercado Pago,Salón,4.0
T1420,2024-01-09,14:22,Recoleta,43187813.0,,Café,Affogato,1,4260.0,640.0,670.0,Tarjeta de crédito,Salón,4.0
T1339,2024-08-06,13:49,Palermo,40398744.0,17.0,Café,Espresso  tonic,1,3600.0,690.0,0.0,Mercado Pago,Take away,4.0
T1574,2024-04-10,18:41,Palermo,32154280.0,20.0,Bebidas,Smoothie de frutos rojos,3,4010.0,930.0,2950.0, Transferencia ,Salón,5.0
T1169,2024-11-10,21:12,Caballito,39871040.0,47.0,Bebidas,Limonada de jengibre,2,3980.0,870.0,800.0,Mercado Pago,Salón,5.0
T1382,2024-04-01,14:04,Caballito,26733338.0,20.0,Café,Affogato,1,3450.0,450.0,690.0,Transferencia,Salón,5.0
T1237,2024-11-15,07:38,Palermo,42212024.0,30.0,Panes,Pan de masa madre,1,3590.0,850.0,580.0,Efectivo,Take away,1.0
T1247,2024-01-01,20:05,Villa Urquiza,40772413.0,47.0,Alfajores,Alfajor triple,1,2200.0,600.0,460.0,Tarjeta de crédito,Take away,5.0
T1147,2024-01-21,20:04,Belgrano,39.716.036,37.0,Alfajores,Alfajor de chocolate,2,2410.0,690.0,1460.0,Transferencia,Salón,4.0
T1383,2024-08-14,18:16,Palermo,21169737.0,57.0,Tortas,Carrot cake,1,3840.0,1580.0,,Efectivo,Salón,5.0
T1376,2024-02-29,07:10,Caballito,33379655.0,16.0,Café,Cold brew,2,3370.0,560.0,530.0,Mercado Pago,Salón,5.0
T1017,2024-07-24,21:03,Belgrano,32716227.0,25.0,Alfajores,Alfajor triple,3,2270.0,790.0,1600.0,Efectivo,Delivery,4.0
T1300,2024-03-30,19:18,Recoleta,30908219.0,27.0,Bebidas,Smoothie de frutos rojos,1,3720.0,750.0,730.0,Transferencia,Salón,5.0
T1444,2024-07-27,21:23,Palermo,33317587.0,24.0,Tortas,Torta de limón y merengue,1,5030.0,1980.0,0.0,Tarjeta de débito,Salón,5.0
T1192,2024-01-24,14:23,Caballito,25036005.0,52.0,Bebidas,Agua saborizada,1,33800.0,910.0,530.0,Tarjeta de débito,Delivery,
T1295,2024-06-26,13:55,Belgrano,35340953.0,41.0,Tortas,Cheesecake de frutos rojos,1,4370.0,1500.0,1070.0,Efectivo,Take away,5.0
T1560,2024-02-02,12:01:00,Villa Urquiza,27.877.913,39.0,Sandwiches,Sandwich de pollo y palta,2,6700.0,2180.0,1340.0,Mercado Pago,Salón,5.0
T1424,2024-05-24,9:57 AM:00,Villa Urquiza,20145254.0,24.0,Tortas,Cheesecake de frutos rojos,3,54200.0,1900.0,,Efectivo,Delivery,
T1575,2024-07-25,10:02,Palermo,28081766.0,29.0,Tortas,Carrot cake,1,5490.0,,1100.0,Mercado Pago,Salón,5.0
T1473,2024-05-28,07:31,Caballito,36310841.0,32.0,Alfajores,Alfajor de chocolate,1,2590.0,760.0,2400.0,Transferencia,Take away,5.0
T1205,2024-05-01,16:20,Recoleta,39849543.0,17.0,Alfajores,Alfajor triple,1,1990.0,510.0,1530.0,Efectivo,Take away,4.0
T1201,2024-11-26,08:37,Villa Urquiza,28684579.0,34.0,Alfajores,Alfajor de chocolate,2,1900.0,630.0,0.0,Efectivo,Salón,3.0
T1243,2024-12-13,14:11,Villa Urquiza,32742321.0,33.0, Alfajores ,Alfajor de maicena,1,1870.0,470.0,500.0,Tarjeta de crédito,Take away,
T1190,2024-07-09,09:47,Recoleta,44593245.0,30.0,Sandwiches,Club sandwich,2,4710.0,1860.0,1400.0,Efectivo,Take away,2.0
T1505,2024-11-03,12:24,Belgrano,43388450.0,30.0,Tortas,Cheesecake de frutos rojos,2,5210.0,1990.0,1040.0,,Salón,4.0
T1281,2024-11-04,15:52,Palermo,42768673.0,37.0,Café,Cappuccino,2,3140.0,620.0,630.0,Mercado Pago,Salón,4.0
T1304,2024-10-03,21:17,Villa Urquiza,34926519.0,22.0,Café,Cappuccino,1,3750.0,660.0,560.0,Tarjeta de débito,Delivery,5.0
T1496,2024-04-06,19:30,Villa Urquiza,20626262.0,26.0,Alfajores,Alfajor de maicena,1,2690.0,780.0,940.0,Efectivo,Take away,5.0
T1571,2024-04-20,14:18:00,Caballito,21973422.0,22.0,Bebidas,Agua saborizada,2,3510.0,940.0,760.0,Tarjeta de crédito,Salón,5.0
T1002,2024-12-25,15:26,Belgrano,35072954.0,30.0,Panes,Pan integral,1,2880.0,910.0,770.0,Transferencia,Salón,
T1557,15/02/2024,08:40,Villa Urquiza,31555905.0,38.0,Bebidas,Smoothie de frutos rojos,1,3010.0,640.0,0.0,Tarjeta de débito,Salón,4.0
T1009,2024-05-14,15:48,Belgrano,37034970.0,34.0,Café,Cold brew,2,3030.0,530.0,980.0,Efectivo,Take away,4.0
T1351,16/04/2024,19:39,Caballito,33892915.0,39.0,Tortas,Cheesecake de frutos rojos,1,5090.0,1570.0,2660.0,Efectivo,Salón,5.0
T1399,2024-01-23,07:30,Villa Urquiza,21128118.0,26.0,Tortas,Carrot cake,1,4640.0,1810.0,1390.0,Mercado Pago,Salón,5.0
T1534,2024-11-05,16:19,Villa Urquiza,26810638.0,33.0,Panes,Pan integral,1,2330.0,690.0,350.0,Transferencia,Take away,5.0
T1581,2024-11-14,13:04,Villa Urquiza,28555285.0,26.0,Tortas,Torta red velvet,3,5060.0,1600.0,760.0,Tarjeta de crédito,Salón,
T1146,2024-07-17,10:16,Belgrano,31081787.0,30.0,BEBIDAS,Té helado de durazno,1,3090.0,710.0,620.0,Efectivo,Delivery,5.0
T1188,2024-11-28,17:41,Palermo,30407561.0,32.0,Tortas,Carrot cake,1,3770.0,1160.0,570.0,Mercado Pago,Take away,5.0
T1063,2024-10-05,13:29,Recoleta,26330123.0,30.0,Tortas,Torta red velvet,2,5210.0,2070.0,1280.0,tarjeta de débito,Take away,4.0
T1391,2024-10-24,07:08,Palermo,41212931.0,44.0,Café,Latte de avena,2,3420.0,670.0,1040.0,Transferencia,Salón,4.0
T1259,2024-04-19,17:21,Recoleta,32106366.0,16.0,Café,Affogato,1,3930.0,520.0,920.0,Tarjeta de crédito,Salón,5.0
T1373,2024-02-01,17:30,Villa Urquiza,25673357.0,19.0,Café,Flat white,1,3230.0,550.0,1230.0,Transferencia,Salón,
T1296,2024-11-09,12:23,Belgrano,36735944.0,51.0,Alfajores,Alfajor triple,1,2300.0,800.0,460.0,Mercado Pago,Salón,5.0
T1582,2024-04-14,8:40 AM,Recoleta,41243976.0,37.0,Alfajores,Alfajor de nuez,1,1830.0,470.0,0.0,Tarjeta de débito,Take away,5.0
T1100,12/04/2024,19:38,Belgrano,28388715.0,39.0,Tortas,Torta de limón y merengue,1,5460.0,2140.0,1940.0,Efectivo,Take away,
T1487,2024-11-17,17:34,Villa Urquiza,27846297.0,20.0,Café,Mocha,1,3010.0,580.0,1540.0,Tarjeta de crédito,Salón,5.0
T1408,2024-03-23,18:34,Recoleta,26116318.0,19.0,Panes,Pan de masa madre,1,2680.0,640.0,810.0,Tarjeta de débito,Take away,5.0
T1553,2024-03-10,18:30,Belgrano,25191691.0,19.0,Bebidas,Smoothie de frutos rojos,1,3650.0,1020.0,1420.0,Tarjeta de débito,Salón,
T1424,2024-05-24,09:57:00,Villa Urquiza,20145254.0,24.0,Alfajores,Alfajor triple,1,2570.0,3150.3359742311127,5130.0,Efectivo,Delivery,
T1424,2024-05-24,09:57,Villa Urquiza,20145254.0,24.0,Café,Cold brew,2,3410.0,520.0,5130.0,Efectivo,Delivery,
T1118,2024-10-30,16:09,Belgrano,42103407.0,16.0,Bebidas,Jugo verde detox,1,3450.0,770.0,370.0,Transferencia,Take away,5.0
T1318,2024-03-07,09:55,Palermo,26780647.0,26.0,Alfajores,Alfajor de nuez,2,2380.0,660.0,1690.0,Efectivo,Salón,3.0
T1023,2024-01-27,08:40,Caballito,29283847.0,18.0,Tortas,Torta de chocolate,2,3670.0,1500.0,2860.0,Efectivo,Salón,5.0
T1019,2024-10-18,10:37,Villa Urquiza,21333508.0,31.0,Sandwiches,Sandwich vegetariano,2,5170.0,1810.0,0.0,Transferencia,Salón,5.0
T1496,2024-04-06,19:30,Villa Urquiza,20626262.0,26.0,Sandwiches,Tostado jamón y queso,2,5310.0,2310.0,940.0,Efectivo,Take away,5.0
T1004,2024-10-22,10:45,Palermo,21537611.0,29.0,SANDWICHES,Sandwich vegetariano,1,5190.0,2290.0,2010.0,Tarjeta de débito,Take away,
T1368,2024-08-31,09:12,Villa Urquiza,32904868.0,42.0,Bebidas,Té helado de durazno,1,3230.0,490.0,2340.0,Tarjeta de crédito,Take away,4.0
T1202,2024-06-30,10:58,Belgrano,29226857.0,26.0,Alfajores,Alfajor de maicena,1,1900.0,550.0,850.0,Tarjeta de crédito,Salón,3.0
T1283,2024-01-03,18:47,Palermo,39394030.0,30.0,Café,Latte de avena,1,3190.0,560.0,690.0,Transferencia,Salón,1.0
T1334,2024-11-09,20:40,Belgrano,34003383.0,21.0,Café,Latte de avena,1,3470.0,640.0,170.0,Tarjeta de débito,Take away,4.0
T1102,2024-12-31,17:21,Belgrano,24617076.0,36.0,Sandwiches,Tostado jamón y queso,1,$7.260,3010.0,1040.0,Efectivo,Salón,5.0
T1037,2024-09-01,07:22,Recoleta,33085780.0,23.0,Panes,Pan integral,1,2640.0,540.0,2460.0,Mercado Pago,Salón,5.0
T1105,2024-07-17,12:16,Palermo,31982082.0,31.0,Sandwiches,Tostado jamón y queso,1,7240.0,3240.0,1680.0,,Salón,5.0
T1100,2024-04-12,19:38,Belgrano,28388715.0,39.0,Sandwiches,Bagel de salmón ahumado,1,7490.0,2820.0,1940.0,Efectivo,Take away,
T1567,2024-08-31,21:42,Palermo,42329681.0,27.0,Bebidas,Smoothie de frutos rojos,3,4480.0,1120.0,1340.0,Tarjeta de débito,Delivery,5.0
T1084,2024-01-14,16:59,recoleta,,0.0,Tortas,Cheesecake de frutos rojos,3,5200.0,1620.0,3610.0,Tarjeta de débito,Salón,5.0
T1259,2024-04-19,17:21,Recoleta,32106366.0,16.0,Sandwiches,Bagel de salmón ahumado,1,5290.0,2320.0,920.0,Tarjeta de crédito,Salón,5.0
T1286,2024-11-21,07:51,Palermo,24876413.0,17.0,Panes,Pan multicereal,1,2360.0,580.0,120.0,Mercado Pago,Delivery,4.0
T1612,2024-03-24,11:21,Caballito,25184606.0,45.0,Tortas,Torta de chocolate,1,5400.0,1810.0,0.0,Tarjeta de débito,Salón,5.0
T1251,2024-08-02,16:58,Belgrano,29180354.0,38.0,Panes,Pan de masa madre,2,3030.0,880.0,910.0,MERCADO PAGO,Delivery,
T1597,2024-04-11,14:45,Palermo,43526520.0,49.0,Panes,Pan de masa madre,1,3050.0,640.0,540.0,Transferencia,Take away,4.0
T1023,2024-01-27,08:40,Caballito,29283847.0,18.0,Sandwiches,Tostado jamón y queso,1,6950.0,2610.0,2860.0,Efectivo,Salón,5.0
T1395,2024-05-01,18:26,Belgrano,32600775.0,41.0,Alfajores,Alfajor de chocolate,1,2040.0,550.0,0.0,Tarjeta de débito,Salón,5.0
T1575,2024-07-25,10:02 AM,Palermo,28081766.0,29.0, Bebidas ,Agua saborizada,3,4320.0,1020.0,1100.0,Mercado Pago,Salón,5.0
T1091,2024-04-30,08:09,Recoleta,26619343.0,37.0,Panes,Pan integral,1,3130.0,840.0,2310.0,Tarjeta de débito,Take away,5.0
T1460,2024-09-10,07:28,Recoleta,43791070.0,42.0,Panes,Pan de campo,1,2900.0,680.0,1350.0,,Salón,5.0
T1268,2024-06-17,16:42,Recoleta,43268593.0,24.0,Bebidas,Agua saborizada,1,3470.0,830.0,0.0,Transferencia,Salón,5.0
T1273,2024-09-22,21:50,Recoleta,33022243.0,25.0,Bebidas,Smoothie de frutos rojos,3,3180.0,740.0,1430.0,Mercado Pago,Delivery,
T1330,2024-10-06,15:48,Recoleta,38414674.0,27.0,Sandwiches,Tostado jamón y queso,1,4700.0,1930.0,1200.0,Mercado Pago,Take away,
T1167,2024-06-24,14:50,Belgrano,37485712.0,32.0,Alfajores,Alfajor triple,1,1870.0,600.0,1370.0,Mercado Pago,Salón,3.0
T1333,2024-09-13,11:51 AM,Palermo,40998107.0,16.0,Tortas,Torta de limón y merengue,1,5680.0,1940.0,760.0,Tarjeta de crédito,Take away,
T1412,2024-12-09,08:32,Caballito,26524660.0,38.0,Alfajores,Alfajor triple,1,1810.0,510.0,1320.0,Mercado Pago,Salón,5.0
T1533,2024-09-22,07:10,Recoleta,33786215.0,27.0,Panes,Pan multicereal,2,3060.0,790.0,530.0,Mercado Pago,Salón,3.0
T1429,2024-05-19,19:50,Caballito,31948642.0,34.0,Bebidas,Limonada de jengibre,1,4410.0,680.0,1360.0,MERCADO PAGO,Take away,
T1205,2024-05-01,16:20,Recoleta,39849543.0,17.0,Panes,Pan de nuez y pasas,2,4100.0,1220.0,1530.0,Efectivo,Take away,4.0
T1139,07/10/2024,21:32,Belgrano,39216679.0,24.0,Alfajores,Alfajor de maicena,1,2300.0,680.0,740.0,Transferencia,Salón,4.0
T1301,2024-05-29,18:17,,41630673.0,32.0,Sandwiches,Club sandwich,1,6220.0,2130.0,27200.0,Mercado Pago,Salón,4.0
T1316,2024-11-02,21:55,Villa Urquiza,25380232.0,32.0,Bebidas,Té helado de durazno,1,4500.0,890.0,0.0,Efectivo,Salón,4.0
T1203,2024-11-25,21:51,Villa Urquiza,28360011.0,27.0,Sandwiches,Bagel de salmón ahumado,1,6300.0,2760.0,0.0,Transferencia,Take away,
T1530,2024-03-06,11:47,Palermo,,47.0,Alfajores,Alfajor triple,1,2160.0,710.0,730.0,Tarjeta de crédito,Salón,4.0
T1126,2024-02-26,13:37,Recoleta,44337841.0,42.0,Café,Mocha,2,3880.0,610.0,540.0,Efectivo,takeaway,4.0
T1507,2024-10-16,5:43 PM,Villa Urquiza,38962959.0,31.0,Sandwiches,Club sandwich,2,7320.0,8728.396032352275,0.0,Tarjeta de débito,Salón,3.0
T1568,2024-11-03,08:41,Recoleta,32650367.0,16.0,Tortas,Torta red velvet,3,5200.0,2020.0,1320.0,Mercado Pago,Take away,5.0
T1027,2024-10-01,12:01,Palermo,28764927.0,30.0,Café,Cappuccino,2,3320.0,540.0,660.0,Tarjeta de débito,Take away,
T1508,2024-05-20,10:54,Palermo,43252745.0,49.0,Tortas,Carrot cake,3,4970.0,1520.0,1290.0,Transferencia,Take away,5.0
T1285,27/12/2024,13:47,Belgrano,42121861.0,24.0,Café,Espresso tonic,2,38500.0,520.0,0.0,Efectivo,Take away,4.0
T1363,2024-09-29,14:25,Villa Urquiza,33872808.0,47.0,Tortas,Torta de limón y merengue,1,5420.0,2010.0,2430.0,Tarjeta de débito,Take away,5.0
T1212,2024-02-17,12:38,Villa Urquiza,36197958.0,29.0,Alfajores,Alfajor de chocolate,1,1860.0,650.0,,Efectivo,Salón,5.0
T1207,2024-09-26,20:23:00,Palermo,32535626.0,24.0,Panes,Pan integral,3,3780.0,1050.0,1700.0,Mercado Pago,Take away,4.0
T1054,2024-02-06,17:14,Recoleta,40973466.0,35.0,Café,Cold brew,2,3770.0,760.0,380.0,Transferencia,Take away,
T1261,2024-09-06,07:18,Belgrano,30747912.0,16.0,Panes,Pan integral,1,3870.0,1160.0,1900.0,Transferencia,Salón,3.0
T1499,2024-05-02,19:38,Villa Urquiza,27935325.0,47.0,Tortas,Carrot cake,2,4960.0,1500.0,0.0,Mercado Pago,Salón,5.0
T1387,30/10/2024,10:31,Caballito,22113681.0,31.0,Alfajores,Alfajor de chocolate,1,2620.0,670.0,1200.0,Transferencia,Take away,5.0
T1050,2024-05-20,07:03,Villa Urquiza,29802479.0,35.0,Tortas,Torta de limón y merengue,1,4150.0,1410.0,620.0,Tarjeta de débito,Take away,5.0
T1544,2024-03-29,07:25,Recoleta,20402028.0,39.0,Sandwiches,Club sandwich,3,6150.0,2540.0,3630.0,Mercado Pago,Salón,4.0
T1483,2024-12-04,21:33,Recoleta,34069551.0,31.0,CAFÉ,Espresso tonic,2,4180.0,4706.77626101935,1640.0,Mercado Pago,Take away,5.0
T1356,2024-09-21,5:08 PM,Belgrano,44312556.0,46.0,Tortas,Torta red velvet,1,5640.0,2090.0,2040.0,Efectivo,Salón,5.0
T1544,29/03/2024,07:25,Recoleta,20402028.0,39.0,Sandwiches,Club sandwich,1,5720.0,1990.0,3630.0,Mercado Pago,Salón,4.0
T1405,2024-11-17,07:18,Caballito,42897657.0,37.0,Bebidas,Limonada de jengibre,1,3500.0,920.0,0.0,Transferencia,Delivery,5.0
T1307,2024-07-12,10:16,Palermo,34168002.0,32.0,Alfajores,Alfajor de chocolate,1,2740.0,760.0,970.0,Tarjeta de débito,Salón,5.0
T1445,2024-06-09,12:53,,44737547.0,31.0,Panes,Pan de masa madre,1,2410.0,560.0,1300.0,Mercado Pago,Take away,5.0
T1301,2024-05-29,18:17,Villa Urquiza,41630673.0,32.0,Bebidas,Limonada  de jengibre,1,3360.0,550.0,1480.0,Mercado Pago,Salón,4.0
T1070,2024-01-26,21:38,Caballito,29603082.0,56.0,Café,Latte de avena,2,3820.0,710.0,580.0,Tarjeta de débito,Take away,4.0
T1228,2024-01-14,17:31,Recoleta,28704901.0,50.0,Café,Affogato,2,3080.0,440.0,2120.0,Mercado Pago,Salón,5.0
T1397,2024-08-22,13:10,Recoleta,27377061.0,39.0,Café,Cold brew,1,3670.0,520.0,0.0,Tarjeta de crédito,Take away,5.0
T1084,2024-01-14,16:59,Recoleta,,28.0,Sandwiches,Sandwich de pollo y palta,1,5100.0,2070.0,3610.0,Tarjeta de débito,Salón,5.0
T1502,02/06/2024,08:25,Palermo,24685885.0,28.0,Café,Affogato,1,3280.0,510.0,660.0,Transferencia,Delivery,
T1456,25/10/2024,5:41 PM,Caballito,22876912.0,36.0,Alfajores,Alfajor de chocolate,2,2580.0,830.0,2200.0,Efectivo,Salón,
T1038,2024-11-14,15:01,Caballito,39860625.0,28.0,Alfajores,Alfajor de chocolate,1,1860.0,500.0,190.0,Transferencia,Take away,3.0
T1267,2024-05-08,08:12,Villa Urquiza,36347397.0,26.0,Sandwiches,Club sandwich,1,4730.0,1810.0,240.0,Tarjeta de crédito,Salón,5.0
T1406,28/04/2024,20:33,RECOLETA,33814082.0,28.0,Café,Mocha,2,3850.0,630.0,0.0,Transferencia,Salón,5.0
T1084,2024-01-14,16:59,Recoleta,20971507.0,28.0,Café,Cold brew,1,3360.0,460.0,3610.0,Tarjeta de débito,Salón,5.0
T1109,2024-06-16,17:18,Recoleta,34962450.0,38.0,Alfajores,Alfajor de maicena,2,$2.600,810.0,260.0,Transferencia,Take away,4.0
T1013,2024-12-28,17:03,Belgrano,22261579.0,46.0,Bebidas,Agua  saborizada,1,3360.0,910.0,170.0,Efectivo,Take away,3.0
T1137,2024-07-26,17:32,Recoleta,43162301.0,27.0,Panes,Pan de masa madre,1,4110.0,1050.0,0.0,Efectivo,Take away,
T1498,06/06/2024,1:43 PM,Belgrano,21976816.0,38.0,Sandwiches,Bagel de salmón ahumado,1,4830.0,2110.0,2000.0,Transferencia,Delivery,4.0
T1355,2024-02-17,14:32,Palermo,36195489.0,16.0,Café,Latte de avena,1,3960.0,820.0,400.0,Transferencia,Salón,4.0
T1418,16/12/2024,18:44,Recoleta,23215635.0,33.0,Café,Latte de avena,1,3360.0,520.0,0.0,Transferencia,Take away,5.0
T1301,29/05/2024,18:17,Villa Urquiza,41630673.0,32.0,Tortas,Cheesecake de frutos rojos,1,5170.0,2130.0,1480.0,Mercado Pago,Salón,4.0
T1164,2024-08-04,19:24,Palermo,,17.0,Café,Espresso tonic,1,3760.0,740.0,1740.0,Transferencia,Salón,4.0
T1214,2024-11-22,11:05,Caballito,23875836.0,23.0,Alfajores,Alfajor triple,1,2010.0,590.0,1590.0,Tarjeta de crédito,Take away,5.0
T1513,2024-11-12,19:26,Belgrano,40118427.0,38.0,Tortas,Carrot cake,1,4690.0,1470.0,380.0,Transferencia,Salón,4.0
T1572,2024-03-22,07:35,Caballito,31321605.0,31.0,Alfajores,Alfajor de maicena,1,2380.0,760.0,1070.0,Mercado Pago,Take away,
T1209,2024-10-20,13:54,Villa Urquiza,21086584.0,40.0,Panes,Pan de nuez y pasas,1,2410.0,580.0,0.0,Tarjeta de débito,Take away,
T1332,2024-12-30,07:02:00,Belgrano,37764231.0,28.0,Sandwiches,Sandwich  vegetariano,1,5670.0,2550.0,850.0,Tarjeta de crédito,Salón,4.0
T1170,2024-07-06,12:12,Caballito,23823694.0,19.0,Sandwiches,Club sandwich,1,5780.0,1940.0,2530.0,Tarjeta de crédito,Take away,5.0
T1457,2024-11-02,18:47,,20179884.0,36.0,Panes,Pan multicereal,1,2540.0,610.0,640.0,Tarjeta de crédito,Salón,4.0
T1265,2024-09-30,10:08,Caballito,38311474.0,31.0,Panes,Pan de campo,1,2280.0,560.0,1040.0,Tarjeta de crédito,Delivery,3.0
T1484,2024-06-25,21:51,Caballito,26620146.0,34.0,Bebidas,Té helado de durazno,1,3880.0,690.0,580.0,Tarjeta de crédito,Salón,5.0
T1068,2024-05-27,17:34,belgrano,22478394.0,31.0,Alfajores,Alfajor triple,1,2300.0,800.0,0.0,Mercado Pago,Delivery,
T1600,2024-09-08,12:21,Recoleta,23742279.0,33.0,Panes,Pan multicereal,2,2920.0,,1430.0,Efectivo,Take away,5.0
T1498,2024-06-06,13:43,Belgrano,21976816.0,38.0,Sandwiches,Bagel de salmón ahumado,2,7610.0,2490.0,2000.0,Transferencia,Delivery,4.0
T1317,2024-11-13,10:20,Palermo,42088527.0,42.0,Café,Cold brew,1,3720.0,680.0,420.0,Transferencia,Take away,4.0
T1003,2024-11-05,11:51,Palermo,44485735.0,29.0,Café,Latte de avena,1,4040.0,830.0,0.0,Mercado Pago,Salón,
T1314,2024-01-31,07:22,Belgrano,43532667.0,16.0,Café,Affogato,1,3770.0,790.0,380.0,Transferencia,Take away,3.0
T1160,2024-07-30,13:49,Palermo,44321723.0,21.0,Panes,Pan integral,1,2540.0,590.0,510.0,Transferencia,Delivery,
T1476,2024-03-07,09:12,Belgrano,40325563.0,46.0,Sandwiches,Sandwich vegetariano,1,6730.0,2910.0,1590.0,Mercado Pago,Salón,4.0
T1379,2024-02-04,07:26,Palermo,37624944.0,50.0,Sandwiches,Tostado jamón y queso,1,4610.0,1510.0,0.0,Efectivo,Take away,4.0
T1490,2024-12-30,14:08,Villa Urquiza,37755029.0,36.0,Panes,Pan de nuez y pasas,3,2940.0,800.0,880.0,Efectivo,Take away,5.0
T1547,2024-02-10,07:08,Recoleta,36734483.0,38.0,Panes,Pan multicereal,2,2840.0,580.0,990.0,Tarjeta de crédito,Salón,4.0
T1196,2024-09-08,07:09,Recoleta,23121456.0,23.0,Café,Cold brew,1,3760.0,670.0,1130.0,Efectivo,Delivery,
T1187,2024-12-30,15:49,Caballito,34212826.0,45.0,Sandwiches,Sandwich de pollo y palta,1,5520.0,1910.0,420.0,Mercado Pago,Salón,5.0
T1144,2024-10-21,12:36,Villa Urquiza,42566425.0,33.0,Alfajores,Alfajor de maicena,3,2870.0,910.0,810.0,Tarjeta de crédito,Salón,
T1341,2024-02-16,18:32,PALERMO,26032126.0,38.0,Alfajores,Alfajor triple,1,2300.0,710.0,340.0,Transferencia,Delivery,5.0
T1008,2024-01-06,17:46,Palermo,42874404.0,37.0,Sandwiches,Bagel de salmón ahumado,1,5020.0,2080.0,250.0,Transferencia,Take away,5.0
T1527,2024-12-15,20:17,Belgrano,43677437.0,38.0,Bebidas,Jugo verde detox,1,4550.0,860.0,2970.0,Transferencia,Delivery,
T1042,2024-07-11,13:45,Belgrano,22550018.0,45.0,Sandwiches,Club sandwich,2,7160.0,2820.0,1430.0,Transferencia,Take away,5.0
T1190,2024-07-09,09:47,Recoleta,44593245.0,30.0,Tortas,Carrot cake,1,4550.0,1640.0,1400.0,efectivo,Take away,2.0
T1065,2024-12-11,20:34,Caballito,30625385.0,34.0,Bebidas,Smoothie de frutos rojos,2,4700.0,970.0,1880.0,Mercado Pago,Take away,2.0
T1421,2024-12-19,19:50,Palermo,22608363.0,33.0,Tortas,Torta de chocolate,1,5320.0,1630.0,1060.0,Efectivo,takeaway,5.0
T1579,2024-02-14,15:16,Palermo,22839051.0,21.0,Sandwiches,Club sandwich,1,5970.0,2450.0,800.0,Efectivo,Salón,4.0
T1130,2024-10-05,13:57,Caballito,31580797.0,70.0,Café,Latte de avena,1,4200.0,560.0,,Tarjeta de débito,Salón,4.0
T1142,2024-10-02,13:33,Belgrano,44422866.0,25.0,Alfajores,Alfajor de nuez,2,2390.0,660.0,2640.0, Tarjeta de débito ,Take away,5.0
T1552,2024-09-03,07:48,Caballito,34341073.0,35.0,Panes,Pan de nuez y pasas,1,3650.0,930.0,0.0,Efectivo,Take away,
T1464,2024-01-11,20:13,Belgrano,33035994.0,26.0,Tortas,Torta red velvet,1,4630.0,1840.0,960.0,Mercado Pago,Salón,5.0
T1531,2024-11-04,21:38,Villa Urquiza,33115953.0,38.0,Panes,Pan integral,1,2420.0,620.0,,Mercado Pago,Salón,4.0
T1099,2024-08-15,4:18 PM,Caballito,27851835.0,22.0,Sandwiches,Bagel de salmón ahumado,1,6160.0,2100.0,490.0,Transferencia,Salón,
T1293,2024-06-30,10:57,Villa Urquiza,29028685.0,21.0,Alfajores,Alfajor de chocolate,1,2060.0,570.0,770.0,Tarjeta de débito,Delivery,5.0
T1236,2024-04-26,10:46:00,Belgrano,27086368.0,45.0,Bebidas,Limonada de jengibre,1,3640.0,910.0,550.0,Efectivo,Take away,4.0
T1391,2024-10-24,07:08,Palermo,41212931.0,44.0,Tortas,Torta de chocolate,3,3520.0,1350.0,1040.0,Transferencia,Salón,4.0
T1335,2024-10-24,15:43,Belgrano,24634190.0,32.0,Tortas,Torta de limón y merengue,2,4730.0,1520.0,970.0,Tarjeta de crédito,Take away,
T1110,2024-08-10,11:40,Palermo,22517963.0,23.0,Panes,Pan de campo,1,$2.670,650.0,0.0,Mercado Pago,Salón,5.0
T1039,2024-06-16,12:48,Caballito,29336742.0,27.0,Café,Flat white,1,4300.0,800.0,220.0,Mercado Pago,Salón,3.0
T1357,03/12/2024,18:19,Palermo,39379692.0,34.0,Sandwiches,Sandwich vegetariano,2,6260.0,2550.0,1250.0,Tarjeta de crédito,Take away,4.0
T1338,2024-05-18,13:14,Belgrano,26.863.965,16.0,Café,Cappuccino,2,3830.0,800.0,770.0,Efectivo,Salón,
T1555,2024-05-04,14:02,Recoleta,41171259.0,35.0,Alfajores,Alfajor de chocolate,1,2080.0,720.0,310.0,Efectivo,Take away,5.0
T1107,2024-07-01,20:49,Palermo,42002693.0,32.0,Alfajores,Alfajor de nuez,1,2780.0,970.0,280.0,Tarjeta de crédito,Salón,5.0
T1155,2024-09-27,21:02,Belgrano,27093979.0,44.0,Sandwiches,Club sandwich,1,6360.0,2800.0,0.0,Transferencia,Salón,2.0
T1543,2024-02-19,19:53,Belgrano,44293794.0,21.0,Alfajores,Alfajor de nuez,1,1930.0,550.0,0.0,,Salón,5.0
T1412,2024-12-09,08:32,Caballito,26524660.0,38.0,Alfajores,Alfajor de maicena,2,2040.0,660.0,1320.0,Mercado Pago,Salón,5.0
T1106,2024-09-02,17:11,Belgrano,,35.0,Café,Cappuccino,2,3180.0,440.0,1200.0,,Salón,4.0
T1608,2024-08-14,10:20,Recoleta,26842373.0,31.0,Alfajores,Alfajor de chocolate,1,2600.0,690.0,260.0,Transferencia,Take away,
T1144,2024-10-21,12:36,Villa Urquiza,42566425.0,33.0,Café,Cold brew,1,3420.0,600.0,810.0,Tarjeta de crédito,Salón,
T1419,2024-03-24,08:13,Belgrano,36890727.0,35.0,Bebidas,Jugo verde detox,2,4440.0,1070.0,1340.0,Tarjeta de débito,Take away,5.0
T1173,2024-12-16,14:26,CABALLITO,36398034.0,34.0,Sandwiches,Sandwich de pollo y palta,1,5410.0,1850.0,0.0,Tarjeta de débito,Salón,2.0
T1482,2024-01-06,18:51,Villa Urquiza,22334757.0,24.0,Alfajores,Alfajor de maicena,1,2230.0,760.0,0.0,Efectivo,Salón,4.0
T1526,2024-09-19,15:41,Palermo,29275282.0,32.0, Panes ,Pan multicereal,1,2590.0,610.0,130.0,Tarjeta de débito,Salón,3.0
T1278,2024-05-12,21:11,Villa Urquiza,33604856.0,26.0,Alfajores,Alfajor de nuez,2,1990.0,620.0,1250.0,Transferencia,Delivery,5.0
T1324,2024-02-18,16:41,Recoleta,21253982.0,25.0,Bebidas,Agua saborizada,1,3090.0,590.0,1050.0,Transferencia,Salón,5.0
T1346,2024-01-26,09:09,Palermo,41920334.0,27.0,PANES,Pan de masa madre,1,3540.0,1000.0,1030.0,Tarjeta de crédito,Salón,
T1578,2024-04-16,17:57,Palermo,26062083.0,25.0,Sandwiches,Sandwich de pollo y palta,1,4630.0,1870.0,0.0,Transferencia,Take away,1.0
T1071,2024-08-13,07:37,Recoleta,44573916.0,30.0,Café,Espresso tonic,2,4170.0,610.0,0.0,Tarjeta de débito,Salón,4.0
T1313,2024-03-02,13:50,Belgrano,20299636.0,38.0,Panes,Pan multicereal,1,3740.0,970.0,720.0,Efectivo,Take away,5.0
T1223,2024-07-07,20:29,Villa Urquiza,33319172.0,53.0,Alfajores,Alfajor de chocolate,1,2860.0,870.0,140.0,Efectivo,Take away,4.0
T1125,20/09/2024,9:20 AM,Villa Urquiza,30688094.0,42.0,Café,Latte de avena,1,3560.0,600.0,710.0,Tarjeta de débito,Salón,5.0
T1327,2024-08-08,12:43,Villa Urquiza,23006297.0,35.0, Sandwiches ,Sandwich vegetariano,1,6460.0,2320.0,320.0,Efectivo,Take away,4.0
T1371,2024-03-13,18:46,villa urquiza,,21.0,Panes,Pan integral,1,3460.0,970.0,780.0,Mercado Pago,Salón,5.0
T1394,2024-08-20,07:06:00,Palermo,38030831.0,24.0,Panes,Pan multicereal,1,2660.0,600.0,780.0,Tarjeta de débito,Salón,2.0
T1302,2024-08-30,15:03,Palermo,33321529.0,23.0,Panes,Pan de campo,2,3510.0,830.0,1400.0,Transferencia,Take away,3.0
T1045,2024-08-18,10:48,Caballito,39120981.0,31.0,Sandwiches,Tostado jamón y queso,1,$6.110,2160.0,610.0,Transferencia,Take away,4.0
T1363,2024-09-29,14:25,Villa Urquiza,33872808.0,47.0,Alfajores,Alfajor de maicena,2,2170.0,,2430.0,Tarjeta de débito,Take away,5.0
T1238,04/12/2024,08:42,Villa Urquiza,29058929.0,44.0,Tortas,Torta de limón y merengue,1,5150.0,1620.0,460.0,Transferencia,Take away,3.0
T1617,2024-09-03,18:26,Villa Urquiza,41360891.0,39.0,Alfajores,Alfajor de nuez,1,2400.0,720.0,1350.0,Tarjeta de credito,Salón,
T1572,2024-03-22,07:35,Caballito,31321605.0,31.0,Panes,Pan de nuez y pasas,1,2990.0,870.0,1070.0,Mercado Pago,Take away,
T1568,03/11/2024,08:41,Recoleta,32650367.0,16.0,Alfajores,Alfajor de chocolate,1,2050.0,530.0,-1320.0,Mercado Pago,Take away,5.0
T1093,2024-01-30,12:53,Recoleta,22574665.0,25.0,Café,Affogato,1,3910.0,820.0,200.0,Efectivo,Take away,5.0
T1185,16/07/2024,08:15,Caballito,41410490.0,40.0,Sandwiches,Sandwich vegetariano,2,4940.0,1950.0,0.0,Transferencia,Salón,
T1599,2024-06-12,21:03,Belgrano,21372011.0,32.0,Alfajores,Alfajor triple,1,2800.0,750.0,140.0,Efectivo,Salón,5.0
T1500,2024-03-05,11:36,Caballito,34964681.0,49.0,Panes,Pan multicereal,1,3280.0,750.0,1050.0,Efectivo,Take away,5.0
T1026,2024-07-29,19:42,Belgrano,28952514.0,33.0,Alfajores,Alfajor de chocolate,2,2020.0,580.0,530.0,Tarjeta de débito,Take away,3.0
T1091,2024-04-30,08:09:00,Recoleta,26619343.0,37.0,Bebidas,Jugo verde detox,3,4090.0,790.0,2310.0,Tarjeta de débito,Take away,5.0
T1112,2024-10-14,08:16,RECOLETA,43623588.0,36.0,Bebidas,Agua saborizada,2,4700.0,1300.0,2650.0,Mercado Pago,Salon,5.0
T1619,2024-03-12,11:29,Belgrano,38505282.0,28.0,Panes,Pan de campo,2,4120.0,1010.0,1650.0,Mercado Pago,Salón,5.0
T1483,2024-12-04,9:33 PM,Recoleta,34069551.0,31.0,Bebidas,Smoothie de frutos rojos,1,4550.0,850.0,1640.0,Mercado Pago,Take away,5.0
T1603,2024-07-22,14:43,Villa Urquiza,37229787.0,27.0,Alfajores,Alfajor de nuez,1,2470.0,620.0,120.0,Efectivo,Salón,5.0
T1383,2024-08-14,18:16,Palermo,21169737.0,57.0,Bebidas,Agua saborizada,2,3450.0,920.0,0.0,Efectivo,Salón,5.0
T1414,2024-02-15,07:26,Recoleta,33908782.0,48.0,Panes,Pan de masa madre,1,2570.0,680.0,1600.0,Tarjeta de débito,Take away,5.0
T1043,2024-01-22,12:34,Caballito,42196972.0,35.0,Alfajores,Alfajor de nuez,3,1920.0,600.0,860.0,Tarjeta de crédito,Salón,5.0
T1445,2024-06-09,12:53,Villa Urquiza,44737547.0,31.0,Bebidas,Limonada de jengibre,1,3540.0,850.0,1300.0,Mercado Pago,Take away,5.0
T1176,2024-01-31,16:22,Villa Urquiza,29431648.0,40.0,Sandwiches,Club sandwich,2,5380.0,2410.0,2580.0,Transferencia,Salón,4.0
T1361,2024-10-17,09:05,Caballito,23263604.0,24.0,ALFAJORES,Alfajor de chocolate,1,2840.0,960.0,860.0,Mercado Pago,Salon,5.0
T1250,2024-09-12,07:33,Palermo,38563195.0,49.0,Panes,Pan de nuez y pasas,2,2550.0,,910.0,Mercado Pago,Take away,5.0
T1250,2024-09-12,07:33,Palermo,38563195.0,49.0,Bebidas,Jugo verde detox,1,4030.0,1070.0,,Mercado Pago,Take away,5.0
T1177,2024-01-31,11:55,Belgrano,43535968.0,40.0,Alfajores,Alfajor de nuez,1,2300.0,780.0,920.0,Tarjeta de débito,Salón,5.0
T1422,2024-03-01,21:16,Palermo,22222892.0,30.0,Café,Cold brew,1,3680.0,690.0,1130.0,Tarjeta de crédito,Take away,5.0
T1147,2024-01-21,20:04,Belgrano,39716036.0,37.0,Sandwiches,Sandwich de pollo y palta,1,5200.0,2170.0,1460.0,Transferencia,Salón,4.0
T1587,2024-04-27,11:40,Palermo,30256298.0,40.0,Tortas,Cheesecake de frutos rojos,1,5670.0,1740.0,480.0,Mercado Pago,Take away,5.0
T1583,2024-03-04,15:07,Villa Urquiza,33649314.0,45.0,Sandwiches,Tostado jamón y queso,1,7370.0,2370.0,0.0,Efectivo,Salón,3.0
T1446,2024-05-22,21:50,Belgrano,32180192.0,49.0,Café,Flat white,1,4060.0,870.0,410.0,Mercado Pago,Take away,5.0
T1411,2024-08-16,12:05,Recoleta,21846622.0,16.0,Sandwiches,Tostado jamón y queso,1,4570.0,1730.0,460.0,Transferencia,Take away,5.0
T1492,2024-10-28,13:03,Recoleta,29512087.0,26.0,Café,Latte de avena,1,2900.0,490.0,140.0,Tarjeta de débito,Salón,5.0
T1352,2024-06-19,12:25,Villa Urquiza,40669306.0,22.0,Alfajores,Alfajor de chocolate,25,2490.0,760.0,,Efectivo,Take away,4.0
T1156,2024-06-10,07:13,Villa Urquiza,24838265.0,24.0,Café,Affogato,1,4070.0,710.0,0.0,Mercado Pago,Delivery,4.0
T1031,2024-08-26,14:28,Belgrano,37152153.0,35.0,Bebidas,Limonada de jengibre,1,3480.0,800.0,0.0,Mercado Pago,Take away,
T1354,2024-07-11,17:34,Belgrano,39158964.0,50.0,Sandwiches,Tostado jamón y queso,2,4870.0,2050.0,1290.0,Transferencia,Salón,5.0
T1160,2024-07-30,13:49,Palermo,44321723.0,21.0,Panes,Pan de campo,1,2530.0,600.0,510.0,Transferencia,Delivery,
T1052,2024-11-12,10:49:00,Villa Urquiza,32763368.0,26.0,Tortas,Cheesecake de frutos rojos,1,4940.0,1530.0,1110.0,Mercado Pago,Delivery,4.0
T1116,2024-10-27,09:49,Belgrano,34516260.0,31.0,Panes,Pan multicereal,1,2530.0,720.0,380.0,Transferencia,Delivery,3.0
T1589,2024-03-27,17:59,villa urquiza,27552048.0,45.0,Sandwiches,Tostado jamón y queso,2,7240.0,3120.0,1910.0,,Salón,5.0
T1195,2024-10-06,19:50,Belgrano,25052169.0,31.0,bebidas,Limonada de jengibre,1,4620.0,1090.0,0.0,Efectivo,Delivery,2.0
T1568,2024-11-03,08:41,Recoleta,32650367.0,16.0,Tortas,Torta de limón y merengue,2,4350.0,1800.0,1320.0,Mercado Pago,Take away,5.0
T1565,16/07/2024,11:38,Belgrano,43888808.0,27.0,Bebidas,Jugo verde detox,1,4680.0,1250.0,0.0,Tarjeta de débito,Take away,
T1214,2024-11-22,11:05,,23875836.0,23.0,Sandwiches,Sandwich de pollo y palta,1,6620.0,2440.0,1590.0,Tarjeta de crédito,Take away,5.0
T1198,2024-03-25,14:29,Recoleta,33640297.0,30.0,Sandwiches,Bagel de salmón ahumado,1,5370.0,1830.0,0.0,Efectivo,Salón,
T1102,2024-12-31,5:21 PM,,24617076.0,36.0,Panes,Pan integral,1,3100.0,650.0,1040.0,Efectivo,Salón,5.0
T1459,2024-09-08,19:09,Villa Urquiza,42059337.0,21.0,Tortas,Carrot cake,2,4100.0,1440.0,1640.0,Mercado Pago,Salón,3.0
T1249,2024-03-25,14:08,Caballito,23589032.0,52.0, Tortas ,Carrot cake,1,3610.0,1370.0,1910.0,Tarjeta de crédito,Take away,4.0
T1310,15/03/2024,7:17 AM,Caballito,22395272.0,37.0,Alfajores,Alfajor de maicena,2,1930.0,530.0,650.0,Transferencia,Salón,4.0
T1588,2024-08-05,17:32,Belgrano,36094582.0,38.0,Panes,Pan de nuez y pasas,1,3570.0,910.0,2350.0,Mercado Pago,Salón,
T1258,2024-11-16,16:53,Recoleta,36460158.0,18.0,Panes,Pan integral,1,3290.0,800.0,1510.0,,Take away,3.0
T1197,2024-02-01,13:42,Belgrano,27944741.0,,Bebidas,Smoothie de frutos rojos,1,3540.0,570.0,730.0,,Salón,4.0
T1011,2024-03-05,9:42 AM,Caballito,38448347.0,21.0,Panes,Pan de nuez y pasas,15,3710.0,1060.0,190.0,Tarjeta de débito,Salón,
T1428,2024-03-27,8:23 AM,Belgrano,31362592.0,36.0,Alfajores,Alfajor de nuez,2,2110.0,650.0,0.0,Tarjeta de débito,Take away,
T1322,2024-10-06,10:24,Villa Urquiza,44983903.0,29.0,Tortas,Torta de chocolate,1,5760.0,2090.0,3370.0,Tarjeta de crédito,Salón,5.0
T1356,2024-09-21,5:08 PM,Belgrano,44312556.0,46.0,Tortas,Torta red velvet,1,5640.0,2090.0,2040.0,Efectivo,Salón,5.0
T1133,2024-01-20,21:58,Belgrano,34021893.0,24.0,Alfajores,Alfajor  de chocolate,3,2830.0,970.0,1270.0,Tarjeta de débito,Delivery,2.0
T1401,2024-12-26,17:00,Palermo,32914405.0,29.0,Tortas,Torta de limón y merengue,2,5530.0,1700.0,2840.0,Tarjeta de crédito,Salón,4.0
T1235,2024-06-05,09:04,Palermo,30006007.0,16.0,Panes,Pan de masa madre,2,4100.0,1020.0,,Tarjeta de crédito,Salón,5.0
T1592,2024-02-21,13:31,Belgrano,22843529.0,33.0,Alfajores,Alfajor de maicena,1,1970.0,540.0,0.0,Transferencia,Salón,4.0
T1037,2024-09-01,07:22,Recoleta,33085780.0,23.0,Sandwiches,Bagel de salmón ahumado,2,6890.0,3030.0,2460.0,Mercado Pago,Salón,5.0
T1541,06/01/2024,17:17,BELGRANO,34786028.0,17.0,Café,Mocha,1,3790.0,490.0,550.0,Tarjeta de crédito,Salón,5.0
T1072,2024-09-03,19:18,Recoleta,23864454.0,35.0,Bebidas,Smoothie de frutos rojos,2,3990.0,1090.0,1940.0,Mercado Pago,Delivery,3.0
T1487,2024-11-17,17:34,Villa Urquiza,27846297.0,20.0,Tortas,Torta red velvet,1,4690.0,1850.0,1540.0,Tarjeta de crédito,Salón,5.0
T1368,31/08/2024,09:12,Villa Urquiza,32904868.0,42.0,Bebidas,Agua saborizada,3,4120.0,690.0,2340.0,Tarjeta de crédito,takeaway,4.0
T1470,2024-12-10,6:43 PM,Caballito,30155472.0,33.0,Tortas,Cheesecake de frutos rojos,1,5480.0,2070.0,550.0,Efectivo,Salón,1.0
T1186,2024-07-06,15:43,Belgrano,,40.0,Tortas,Torta de chocolate,1,5680.0,1900.0,1140.0,Efectivo,Salón,3.0
T1120,2024-08-13,13:30,Caballito,26845876.0,19.0,Café,Flat white,1,3280.0,480.0,1190.0,Tarjeta de crédito,Take away,4.0
T1337,01/09/2024,09:32,Villa Urquiza,35729092.0,-5.0,Panes,Pan de masa madre,1,2650.0,840.0,530.0,Tarjeta de crédito,Salón,4.0
T1085,2024-06-08,18:20,Villa Urquiza,40005950.0,40.0,Tortas,Torta de chocolate,1,4130.0,1480.0,1250.0,Efectivo,Take away,4.0
T1004,2024-10-22,10:45,Palermo,21537611.0,29.0,Bebidas,Limonada de jengibre,1,4040.0,990.0,2010.0,Tarjeta de débito,Take away,
T1240,2024-02-26,20:36,Caballito,25.004.458,32.0, Sandwiches ,Tostado jamón y queso,3,6010.0,2130.0,5750.0,Efectivo,Take away,3.0
T1177,2024-01-31,11:55,Belgrano,sin dato,40.0,Bebidas,Agua saborizada,1,3830.0,710.0,920.0,Tarjeta de débito,Salón,5.0
T1541,2024-01-06,17:17,Belgrano,34786028.0,17.0,Café,Cold brew,1,3460.0,630.0,550.0,Tarjeta de crédito,Salón,5.0
T1349,25/02/2024,16:46,Villa Urquiza,22941708.0,29.0,Café,Espresso tonic,1,$3.330,590.0,1620.0,Mercado Pago,Take away,5.0
T1365,2024-02-01,08:13,Belgrano,39487336.0,22.0,Sandwiches,Bagel de salmón ahumado,1,6530.0,2260.0,,Efectivo,Take away,5.0
T1606,2024-11-28,12:40,Villa Urquiza,32385281.0,42.0,Bebidas,Té helado de durazno,1,3690.0,710.0,1360.0,Tarjeta de crédito,Salón,5.0
T1368,2024-08-31,09:12,Villa Urquiza,32904868.0,42.0,Bebidas,Té helado de durazno,1,3230.0,490.0,2340.0,Tarjeta de crédito,Take away,4.0
T1260,2024-05-04,7:43 AM,Recoleta,32796741.0,31.0,Café,Affogato,1,3960.0,680.0,790.0,Efectivo,Salón,5.0
T1559,2024-01-31,18:11,belgrano,28702406.0,33.0,Bebidas,Té helado de durazno,1,3140.0,520.0,470.0,Mercado Pago,Salón,
T1594,02/09/2024,17:17,Palermo,34129614.0,27.0,Alfajores,Alfajor de chocolate,1,1920.0,480.0,1020.0,Mercado Pago,Take away,5.0
T1596,2024-02-12,19:27,Belgrano,40723658.0,,Tortas,Torta red velvet,1,5790.0,2310.0,580.0,Tarjeta de débito,Take away,4.0
T1040,2024-11-29,07:48,Palermo,28297450.0,30.0,Alfajores,Alfajor de maicena,1,2420.0,770.0,120.0,Tarjeta de débito,Take away,5.0
T1261,2024-09-06,07:18,Belgrano,30747912.0,16.0,Bebidas,Agua saborizada,3,4100.0,1010.0,1900.0,Transferencia,Salón,3.0
T1472,2024-09-05,14:01,Caballito,39636935.0,40.0,Alfajores,Alfajor de nuez,1,2610.0,800.0,0.0,Tarjeta de débito,Salón,5.0
T1178,2024-02-17,13:32,Recoleta,sin dato,35.0,Bebidas,Limonada de jengibre,1,4240.0,1000.0,1710.0,Tarjeta de crédito,Salón,5.0
T1481,28/09/2024,13:50,Belgrano,24630321.0,21.0,Café,Affogato,3,3820.0,630.0,0.0,Mercado Pago,Salón,4.0
T1495,2024-05-22,17:05,Belgrano,43729983.0,46.0,Café,Espresso tonic,1,3670.0,650.0,1000.0,Efectivo,Take away,5.0
T1404,2024-12-29,15:43,Villa Urquiza,29806764.0,43.0,Panes,Pan multicereal,1,4120.0,910.0,950.0,Mercado Pago,Take away,5.0
T1235,2024-06-05,09:04,Palermo,30006007.0,16.0,Alfajores,Alfajor de chocolate,2,2180.0,620.0,2510.0,Tarjeta de crédito,Salón,5.0
T1322,2024-10-06,10:24,Villa Urquiza,44983903.0,,Tortas,Torta red velvet,1,5610.0,2070.0,3370.0,Tarjeta de crédito,Salón,5.0
T1131,2024-11-11,18:37,Belgrano,,41.0,Tortas,Torta de chocolate,2,4450.0,1390.0,3190.0,Efectivo,Take away,5.0
T1016,2024-02-08,14:51,Villa Urquiza,23285271.0,33.0,Tortas,Cheesecake de frutos rojos,1,3880.0,1260.0,190.0,Efectivo,Take away,5.0
T1354,2024-07-11,17:34,Belgrano,39158964.0,50.0,Sandwiches,Sandwich vegetariano,1,6840.0,2270.0,1290.0,Transferencia,Salón,5.0
T1561,2024-04-18,15:50,Palermo,32605252.0,25.0,Alfajores,Alfajor de nuez,1,2630.0,750.0,130.0,Transferencia,Salón,
T1157,2024-06-26,07:06,Caballito,27789460.0,36.0,Alfajores,Alfajor triple,1,1830.0,640.0,1250.0,Efectivo,Salón,5.0
T1083,2024-10-22,3:13 PM,Belgrano,42036413.0,24.0,Sandwiches,Sandwich de pollo y palta,1,7020.0,2980.0,2210.0,MERCADO PAGO,Salón,3.0
T1143,2024-01-09,10:13,Palermo,23385531.0,16.0,Tortas,Cheesecake de frutos rojos,1,5200.0,1710.0,1900.0,Transferencia,Salón,5.0
T1218,2024-10-27,15:50,Caballito,23775505.0,32.0,Tortas,Torta de chocolate,1,4790.0,1600.0,890.0,Mercado Pago,Salón,5.0
T1351,2024-04-16,19:39,Caballito,33892915.0,39.0,Sandwiches,Club sandwich,2,6310.0,,2660.0,Efectivo,Salón,5.0
T1123,2024-07-24,07:36,Villa Urquiza,26531548.0,32.0,Café,Latte de avena,1,4040.0,,1500.0,Tarjeta de crédito,Take away,3.0
T1157,2024-06-26,07:06,Caballito,27789460.0,36.0,ALFAJORES,Alfajor de chocolate,3,2190.0,640.0,1250.0,Efectivo,Salón,5.0
T1335,24/10/2024,15:43,Belgrano,24634190.0,32.0,Alfajores,Alfajor de chocolate,1,2520.0,670.0,970.0,Tarjeta de crédito,Take away,
T1378,2024-12-01,4:25 PM,Caballito,42659009.0,31.0,Sandwiches,Tostado jamón y queso,1,5530.0,1780.0,550.0,Tarjeta de débito,Take away,5.0
T1135,2024-05-31,16:43, Belgrano ,25888632.0,55.0,Café,Latte de avena,1,2930.0,410.0,290.0,Transferencia,Take away,
T1245,2024-11-09,07:00,Belgrano,36964032.0,16.0,Alfajores,Alfajor triple,3,2060.0,530.0,0.0,Mercado Pago,Take away,
T1326,2024-03-07,19:08,Caballito,38766865.0,30.0,Café,Mocha,1,3590.0,530.0,540.0,Tarjeta de débito,Salón,5.0
T1030,2024-07-13,17:47,Belgrano,40653253.0,42.0,Sandwiches,Tostado jamón y queso,1,5920.0,2400.0,590.0,Transferencia,Salón,5.0
T1506,29/12/2024,12:12,Palermo,40583721.0,24.0,Sandwiches,Club sandwich,1,6150.0,2120.0,1110.0,Tarjeta de crédito,Take away,4.0
T1423,2024-10-23,12:22,Belgrano,36798503.0,26.0,Café,Affogato,1,2820.0,390.0,0.0,Transferencia,Salón,5.0
T1206,2024-11-04,10:01,VILLA URQUIZA,36038649.0,17.0,Tortas,Cheesecake de frutos rojos,2,4850.0,1910.0,4950.0,Efectivo,Salón,5.0
T1557,2024-02-15,08:40,Villa Urquiza,,38.0,Tortas,Torta de chocolate,1,5280.0,1850.0,0.0,Tarjeta de débito,Salón,4.0
T1380,2024-03-03,18:07,Palermo,40289888.0,43.0,Tortas,Carrot cake,1,5620.0,1970.0,1380.0,tarjeta de débito,Salón,5.0
T1149,09/06/2024,13:02,Villa Urquiza,27424726.0,27.0,Bebidas,Agua saborizada,1,3500.0,630.0,670.0,Tarjeta de débito,Salón,5.0
T1409,2024-01-18,17:20,Recoleta,24964184.0,26.0,Tortas,Torta de chocolate,1,4430.0,1410.0,520.0,Tarjeta de crédito,Salón,
T1265,2024-09-30,10:08,CABALLITO,,31.0,Bebidas,Smoothie de frutos rojos,20,4630.0,1220.0,1040.0,Tarjeta de crédito,Delivery,3.0
T1087,11/03/2024,19:16,Recoleta,31009959.0,16.0,Alfajores,Alfajor de chocolate,2,2350.0,780.0,0.0,,Salón,5.0
T1028,2024-09-18,8:24 AM,Villa Urquiza,26377985.0,28.0,Sandwiches,Bagel de salmón ahumado,1,4730.0,1720.0,620.0,Tarjeta de crédito,Salón,4.0
T1485,2024-09-18,15:19,Villa Urquiza,31432292.0,41.0,Café,Flat white,2,3900.0,570.0,3010.0,Tarjeta de débito,Salón,
T1375,2024-09-27,20:02,Recoleta,22832043.0,29.0,Panes,Pan de nuez y pasas,1,3670.0,1020.0,0.0,Tarjeta de débito,Take away,5.0
T1163,2024-10-06,09:43,VILLA URQUIZA,20903154.0,46.0,Bebidas,Limonada de jengibre,2,4390.0,890.0,1130.0,Mercado Pago,Delivery,4.0
T1208,2024-03-30,6:35 PM,Villa Urquiza,31973078.0,29.0,Bebidas,Smoothie de frutos rojos,2,3220.0,880.0,640.0,Tarjeta de débito,Take away,5.0
T1270,2024-10-02,10:16 AM,Palermo,44408345.0,21.0,Café,Espresso tonic,1,3410.0,720.0,1430.0,efectivo,Take away,5.0
T1218,2024-10-27,15:50,Caballito,23775505.0,32.0,Café,Latte de avena,1,4120.0,760.0,890.0,Mercado Pago,Salón,5.0
T1255,2024-04-24,18:41,Villa Urquiza,33048871.0,29.0,Bebidas,Limonada de jengibre,1,4580.0,1260.0,920.0,Tarjeta de débito,Salón,5.0
T1539,2024-07-22,07:00,Recoleta,23848113.0,47.0,Tortas,Torta de chocolate,1,4760.0,1970.0,,Tarjeta de débito,Salón,5.0
T1447,2024-12-19,21:50,Belgrano,28488697.0,39.0,Tortas,Carrot cake,2,5630.0,1890.0,2280.0,Transferencia,Salón,5.0
T1282,2024-07-14,12:37,Villa Urquiza,23278835.0,35.0,Tortas,Torta red velvet,1,4880.0,1610.0,490.0,Mercado Pago,Salón,5.0
T1399,23/01/2024,07:30,Villa Urquiza,,26.0,Bebidas,Agua saborizada,1,4610.0,870.0,1390.0,Mercado Pago,Salón,5.0
T1073,2024-02-25,17:14,Caballito,20839687.0,43.0,Alfajores,Alfajor de maicena,2,1910.0,500.0,520.0,Transferencia,Take away,5.0
T1521,2024-04-17,11:29,Belgrano,32403082.0,30.0,Panes,Pan de masa madre,1,2580.0,630.0,550.0,Tarjeta de crédito,Take away,
T1372,2024-06-24,15:49,Palermo,35732626.0,16.0,Alfajores,Alfajor triple,2,2860.0,800.0,3230.0,Mercado Pago,Salón,5.0
T1426,2024-06-08,17:53:00,Caballito,27579054.0,22.0,Tortas,Carrot cake,1,5660.0,1710.0,570.0,Transferencia,Salón,
T1275,2024-04-24,3:25 PM,Recoleta,31577363.0,30.0,Panes,Pan integral,1,2530.0,700.0,380.0,Mercado Pago,Take away,
T1601,2024-10-26,13:05,Palermo,24378363.0,29.0,Bebidas,Té helado de durazno,1,3330.0,540.0,2040.0,Transferencia,Salón,5.0
T1324,18/02/2024,16:41,Recoleta,21253982.0,25.0,Sandwiches,Sandwich vegetariano,1,7400.0,3260.0,1050.0,Transferencia,Salón,5.0
T1272,2024-11-10,17:10,Villa Urquiza,24710058.0,32.0,Panes,Pan de campo,1,2730.0,770.0,1020.0,Mercado Pago,Salón,5.0
T1523,2024-07-17,19:56,Villa Urquiza,32558286.0,35.0,Café,Mocha,3,3520.0,590.0,2710.0,Mercado Pago,Salón,4.0
T1127,2024-12-14,10:02,Villa Urquiza,43505581.0,37.0,Alfajores,Alfajor de chocolate,2,2250.0,770.0,680.0,EFECTIVO,Salón,4.0
T1615,2024-04-02,17:27,Belgrano,42389979.0,31.0,BEBIDAS,Té helado de durazno,1,3540.0,860.0,1610.0,Tarjeta de crédito,Take away,4.0
T1417,2024-12-20,09:22,Belgrano,21774637.0,33.0,Sandwiches,Sandwich vegetariano,1,7230.0,2600.0,1510.0,Tarjeta de crédito,Salón,5.0
T1524,2024-04-16,10:57,Belgrano,35169289.0,28.0,Panes,Pan de campo,1,2790.0,640.0,1170.0,Tarjeta de débito,Salón,4.0
T1243,2024-12-13,14:11,Villa Urquiza,32742321.0,33.0,Bebidas,Jugo verde detox,1,4300.0,960.0,500.0,Tarjeta de crédito,Take away,
T1224,2024-06-25,09:53,Recoleta,43113988.0,23.0,Café,Affogato,2,4250.0,790.0,420.0,Efectivo,Salón,4.0
T1512,2024-03-06,07:58,Caballito,21838408.0,26.0,Tortas,Torta de limón y merengue,2,3620.0,1260.0,360.0,Tarjeta de crédito,Take away,4.0
T1609,2024-09-02,08:31,Belgrano,35414574.0,38.0,Bebidas,Té helado de durazno,1,4100.0,,1530.0,Tarjeta de debito,Take away,4.0
T1249,2024-03-25,14:08,Caballito,23589032.0,52.0,Alfajores,Alfajor de chocolate,2,2300.0,740.0,1910.0,Tarjeta de crédito,Take away,4.0
T1076,2024-01-11,07:50,Recoleta,28172815.0,17.0,Panes,Pan de nuez y pasas,2,2210.0,480.0,1180.0,Tarjeta de débito,Take away,4.0
T1005,2024-03-24,2:24 PM,Recoleta,41474828.0,47.0,Tortas,Cheesecake de frutos rojos,1,5600.0,2160.0,0.0,Transferencia,Salón,4.0
T1468,2024-04-03,20:25,Palermo,22794767.0,23.0,Panes,Pan de masa madre,2,2570.0,700.0,380.0,Mercado Pago,Take away,4.0
T1049,2024-09-04,11:46,Villa Urquiza,37603892.0,29.0,Panes,Pan multicereal,1,2560.0,680.0,260.0,Transferencia,Salón,3.0
T1216,2024-08-31,11:05,Caballito,43968122.0,36.0,Panes,Pan de masa madre,1,3820.0,960.0,2040.0,Efectivo,Salón,
T1052,2024-11-12,10:49,Villa Urquiza,32763368.0,26.0,Alfajores,Alfajor triple,1,2430.0,840.0,1110.0,Mercado Pago,Delivery,4.0
T1046,2024-05-23,21:38,Recoleta,38649252.0,47.0,Alfajores,Alfajor de nuez,1,2410.0,720.0,240.0,Efectivo,Salón,4.0
T1452,2024-05-24,10:05 AM,Caballito,32334594.0,38.0,Café,Cold brew,1,2830.0,500.0,600.0,Tarjeta de débito,Salón,4.0
T1017,2024-07-24,21:03,Belgrano,32716227.0,25.0,Café,Mocha,1,3880.0,580.0,1600.0,Efectivo,Delivery,4.0
T1576,2024-09-07,17:42,Villa Urquiza,27547567.0,32.0,Bebidas,Limonada de jengibre,1,4350.0,930.0,440.0,Efectivo,Take away,
T1462,2024-06-14,09:01,Palermo,35442862.0,38.0,Tortas,Torta red velvet,1,5730.0,2370.0,2340.0,Mercado Pago,Salón,
T1283,2024-01-03,18:47,Palermo,39394030.0,30.0,Bebidas,Smoothie de frutos rojos,1,3700.0,760.0,690.0,Transferencia,Salón,1.0
T1569,2024-10-22,18:00,Recoleta,22076513.0,39.0,Alfajores,Alfajor triple,3,1960.0,650.0,4690.0,Transferencia,Salón,5.0
T1347,2024-10-31,16:50,Villa Urquiza,25953202.0,42.0,Sandwiches,Sandwich vegetariano,1,5720.0,,0.0,Mercado Pago,Take away,4.0
T1090,2024-06-22,10:21,Belgrano,22562866.0,39.0,Sandwiches,Sandwich vegetariano,2,6900.0,2940.0,690.0,Transferencia,Take away,5.0
T1474,2024-08-30,08:31,Villa Urquiza,41682196.0,42.0,Bebidas,Té helado de durazno,1,3800.0,820.0,570.0,Tarjeta de crédito,Salón,4.0
T1215,2024-12-22,17:06,Palermo,42419097.0,30.0,Panes,Pan de nuez y pasas,1,2320.0,610.0,320.0,Tarjeta de crédito,Take away,4.0
T1569,22/10/2024,18:00,Recoleta,22076513.0,39.0,Sandwiches,Sandwich vegetariano,3,7130.0,2400.0,4690.0,Transferencia,Salón,5.0
T1496,2024-04-06,19:30,Villa Urquiza,20626262.0,26.0,Tortas,Carrot cake,1,5480.0,1930.0,940.0,Efectivo,Take away,5.0
T1151,2024-11-24,07:33,Palermo,22494114.0,19.0,Sandwiches,Sandwich de pollo y palta,1,6540.0,2620.0,2030.0,Efectivo,Take away,4.0
T1145,2024-09-25,12:44,Caballito,33698904.0,24.0,Panes,Pan de masa madre,2,2800.0,,0.0,Tarjeta de débito,Salón,4.0
T1442,2024-12-17,16:15,Caballito,28002175.0,33.0,Tortas,Cheesecake de frutos rojos,1,3870.0,1280.0,,Efectivo,Salón,2.0
T1280,02/08/2024,20:09,Villa Urquiza,23231244.0,45.0,Café,Espresso tonic,1,3930.0,730.0,590.0,Tarjeta de débito,Salón,5.0
T1415,2024-08-25,10:01,Palermo,25168186.0,26.0,Panes,Pan de campo,1,2440.0,780.0,1040.0,Tarjeta de crédito,Salón,5.0
T1004,2024-10-22,10:45,Palermo,21537611.0,29.0,Tortas,Carrot cake,1,4140.0,1420.0,2010.0,Tarjeta de débito,Take away,
T1458,2024-05-13,08:20,Palermo,24290655.0,34.0,Alfajores,Alfajor triple,1,2790.0,930.0,1380.0,Mercado Pago,Take away,5.0
T1150,2024-06-21,11:48,Caballito,44278575.0,25.0,Panes,Pan de nuez y pasas,2,3180.0,840.0,950.0,Mercado Pago,Salón,5.0
T1204,2024-04-22,07:57,Recoleta,21965995.0,34.0,Panes,Pan de campo,1,2700.0,710.0,4820.0,Mercado Pago,Salón,5.0
T1279,2024-03-26,18:43:00,Recoleta,35215933.0,16.0,Tortas,Torta de chocolate,2,3970.0,1430.0,790.0,Transferencia,Take away,4.0
T1605,2024-01-24,15:15,Recoleta,21311665.0,34.0,Tortas,Cheesecake de frutos rojos,1,5780.0,1810.0,580.0,Tarjeta de débito,Delivery,4.0
T1078,2024-09-19,16:06,Caballito,36906021.0,26.0,Alfajores,Alfajor de nuez,1,2270.0,730.0,580.0,Tarjeta de débito,Delivery,2.0
T1098,2024-03-11,09:04,Recoleta,23393720.0,36.0,Panes,Pan integral,1,2290.0,660.0,520.0,Transferencia,Take away,5.0
T1270,02/10/2024,10:16:00,Palermo,44408345.0,21.0,Café,Latte de avena,3,3620.0,610.0,1430.0,Efectivo,Take away,5.0
T1597,2024-04-11,14:45,Palermo,43526520.0,49.0,Bebidas,Té helado de durazno,1,3390.0,530.0,540.0,Transferencia,Take away,4.0
T1323,2024-10-19,09:06,Palermo,35447447.0,35.0,Panes,Pan de masa madre,1,2710.0,3195.526992137812,2870.0,,Salón,4.0
T1253,2024-06-29,15:30,Villa Urquiza,39147440.0,42.0,Bebidas,Limonada de jengibre,2,3340.0,570.0,910.0,Mercado Pago,Take away,
T1339,2024-08-06,13:49,Palermo,40398744.0,17.0,Tortas,Torta de limón y merengue,1,3750.0,1520.0,0.0,Mercado Pago,Take away,4.0
T1554,2024-02-06,13:56,PALERMO,24176772.0,46.0,Sandwiches,Sandwich vegetariano,1,6180.0,2530.0,1850.0,Mercado Pago,Delivery,4.0
T1491,2024-07-28,08:07,Recoleta,39185241.0,25.0,Sandwiches,Sandwich vegetariano,1,5470.0,1850.0,270.0,Tarjeta de crédito,Salón,4.0
T1593,21/07/2024,12:19,Recoleta,34372754.0,25.0,Sandwiches,Tostado jamón y queso,1,4870.0,1640.0,1640.0,Tarjeta de débito,Salón,4.0
T1588,2024-08-05,17:32,Belgrano,36094582.0,38.0,Panes,Pan de nuez y pasas,1,3570.0,910.0,2350.0,Mercado Pago,Salón,
T1210,2024-02-04,12:16,Palermo,44173068.0,30.0,Panes,Pan integral,1,3190.0,850.0,320.0,Efectivo,Salón,4.0
T1179,2024-04-18,14:17, Recoleta ,29515804.0,23.0,Sandwiches,Sandwich de pollo y palta,1,4650.0,1990.0,2410.0,Tarjeta de crédito,Salón,3.0
T1077,2024-03-07,3:16 PM,Belgrano,23688516.0,22.0,Café,Latte de avena,1,2820.0,370.0,0.0,Efectivo,Salón,4.0
T1175,2024-06-27,20:52,Palermo,34732741.0,26.0,Café,Mocha,2,3330.0,610.0,0.0,Efectivo,Take away,4.0
T1063,2024-10-05,13:29,Recoleta,26330123.0,30.0,Alfajores,Alfajor de chocolate,1,2340.0,700.0,1280.0,Tarjeta de débito,Take away,4.0
T1044,2024-08-23,18:09,Caballito,25910175.0,25.0,Café,Affogato,1,3530.0,680.0,1820.0,Transferencia,Delivery,4.0
T1012,2024-07-23,17:41,Recoleta,34700199.0,35.0,Tortas,Torta de limón y merengue,1,4770.0,1440.0,480.0,Transferencia,Salón,4.0
T1006,2024-04-18,17:31,Caballito,41570529.0,39.0,Café,Latte de avena,1,3920.0,700.0,2340.0,Mercado Pago,Salón,3.0
T1288,2024-09-22,11:12,Palermo,40116382.0,21.0,Tortas,Torta red velvet,1,4050.0,1290.0,610.0,Transferencia,Salón,4.0
T1106,2024-09-02,17:11,Belgrano,22117302.0,35.0,Tortas,Torta red velvet,1,5650.0,2370.0,1200.0,Mercado Pago,Salón,4.0
